Open time,Open,High,Low,Close,Volume,Close time,Quote asset volume,Number of trades,Taker buy base asset volume,Taker buy quote asset volume,Ignore
2023-06-18 18:00:00,26630.00000000,26643.54000000,26582.08000000,26620.87000000,527.02386000,2023-06-18 18:59:59.999,14021619.21046280,14639,284.01314000,7555759.13782040,0
2023-06-18 19:00:00,26620.87000000,26651.00000000,26600.01000000,26650.00000000,469.33790000,2023-06-18 19:59:59.999,12499224.00289570,14386,251.00293000,6684720.64488150,0
2023-06-18 20:00:00,26650.01000000,26700.00000000,26355.10000000,26473.74000000,2454.33736000,2023-06-18 20:59:59.999,65025729.83717810,54455,1131.00973000,29964728.74823440,0
2023-06-18 21:00:00,26473.74000000,26487.01000000,26396.16000000,26415.34000000,748.57242000,2023-06-18 21:59:59.999,19801070.68881740,19990,311.43941000,8238502.59957760,0
2023-06-18 22:00:00,26415.34000000,26459.14000000,26378.00000000,26402.26000000,725.92711000,2023-06-18 22:59:59.999,19178341.60284420,18126,347.36138000,9176321.45951600,0
2023-06-18 23:00:00,26402.26000000,26461.30000000,26255.85000000,26339.97000000,2223.31657000,2023-06-18 23:59:59.999,58582678.98652930,40291,1056.70669000,27841448.95911570,0
2023-06-19 00:00:00,26339.98000000,26400.00000000,26256.61000000,26366.10000000,1243.35086000,2023-06-19 00:59:59.999,32767389.04215030,30364,534.17068000,14077739.62474700,0
2023-06-19 01:00:00,26366.10000000,26450.00000000,26348.26000000,26437.43000000,571.30976000,2023-06-19 01:59:59.999,15084427.14380950,18113,318.38142000,8405179.73858860,0
2023-06-19 02:00:00,26437.44000000,26469.58000000,26422.60000000,26446.33000000,529.45297000,2023-06-19 02:59:59.999,14002319.64084880,13992,242.63138000,6416791.69589690,0
2023-06-19 03:00:00,26446.33000000,26453.94000000,26380.00000000,26403.36000000,474.55000000,2023-06-19 03:59:59.999,12536765.29926540,16448,181.28003000,4788480.69213090,0
2023-06-19 04:00:00,26403.36000000,26436.91000000,26369.00000000,26428.55000000,693.38890000,2023-06-19 04:59:59.999,18304699.10142540,19410,376.65395000,9943151.21830600,0
2023-06-19 05:00:00,26428.54000000,26467.39000000,26424.00000000,26465.59000000,586.86002000,2023-06-19 05:59:59.999,15520052.97728580,15140,337.27870000,8919441.99954910,0
2023-06-19 06:00:00,26465.60000000,26478.87000000,26403.73000000,26427.98000000,951.23956000,2023-06-19 06:59:59.999,25144448.75023990,18931,407.70289000,10776450.28941000,0
2023-06-19 07:00:00,26427.99000000,26439.76000000,26381.48000000,26428.01000000,693.85894000,2023-06-19 07:59:59.999,18330212.14019220,21471,302.77895000,7999076.40470990,0
2023-06-19 08:00:00,26428.00000000,26459.18000000,26390.45000000,26417.25000000,761.82685000,2023-06-19 08:59:59.999,20131499.03617300,18239,307.75580000,8132373.47374200,0
2023-06-19 09:00:00,26417.25000000,26432.00000000,26364.40000000,26401.03000000,682.26675000,2023-06-19 09:59:59.999,18013104.46714480,16064,280.34515000,7401247.29879710,0
2023-06-19 10:00:00,26401.02000000,26429.98000000,26370.29000000,26377.99000000,673.64356000,2023-06-19 10:59:59.999,17784875.45038540,16712,303.10378000,8002357.19483120,0
2023-06-19 11:00:00,26378.00000000,26448.00000000,26366.08000000,26447.73000000,707.16587000,2023-06-19 11:59:59.999,18679668.18468260,16657,357.67584000,9446978.85822220,0
2023-06-19 12:00:00,26447.73000000,26576.00000000,26429.26000000,26531.39000000,1618.70857000,2023-06-19 12:59:59.999,42920636.45927980,32610,780.37481000,20692584.65509160,0
2023-06-19 13:00:00,26531.39000000,26576.87000000,26500.54000000,26535.17000000,1011.25796000,2023-06-19 13:59:59.999,26836503.06687510,23241,454.20040000,12053549.41877170,0
2023-06-19 14:00:00,26535.17000000,26539.96000000,26384.30000000,26423.23000000,1613.24722000,2023-06-19 14:59:59.999,42657539.52887930,33006,611.30989000,16160751.93845910,0
2023-06-19 15:00:00,26423.24000000,26456.00000000,26348.01000000,26444.00000000,1203.69578000,2023-06-19 15:59:59.999,31789781.47289650,26355,586.93714000,15500684.14016380,0
2023-06-19 16:00:00,26443.99000000,26534.32000000,26308.45000000,26499.65000000,1904.21774000,2023-06-19 16:59:59.999,50325600.37723460,38227,904.35330000,23899297.53289760,0
2023-06-19 17:00:00,26499.64000000,26704.00000000,26484.00000000,26665.06000000,2820.29332000,2023-06-19 17:59:59.999,75048980.16423830,53400,1572.86653000,41851885.19540190,0
2023-06-19 18:00:00,26665.06000000,27068.09000000,26482.00000000,26496.00000000,8647.53511000,2023-06-19 18:59:59.999,231885926.58085210,135986,4386.13216000,117638173.49647440,0
2023-06-19 19:00:00,26495.99000000,26704.10000000,26369.99000000,26682.28000000,3224.03767000,2023-06-19 19:59:59.999,85639072.12663380,58698,1657.61896000,44041257.06752180,0
2023-06-19 20:00:00,26682.29000000,26859.36000000,26678.61000000,26723.99000000,2498.57538000,2023-06-19 20:59:59.999,66884187.28237000,48025,1280.95010000,34289310.85043410,0
2023-06-19 21:00:00,26724.00000000,26770.19000000,26652.19000000,26770.18000000,1051.53900000,2023-06-19 21:59:59.999,28088586.00303140,21478,552.74987000,14765269.38337090,0
2023-06-19 22:00:00,26770.19000000,26831.77000000,26734.04000000,26754.99000000,941.64199000,2023-06-19 22:59:59.999,25221719.66195930,22070,432.76982000,11590644.79023700,0
2023-06-19 23:00:00,26754.98000000,26857.80000000,26723.27000000,26844.35000000,768.99596000,2023-06-19 23:59:59.999,20595993.33695800,18098,423.17822000,11335521.09677620,0
2023-06-20 00:00:00,26844.35000000,27031.49000000,26798.68000000,26982.28000000,2080.97523000,2023-06-20 00:59:59.999,56000854.36197830,46389,1132.94204000,30492675.90566760,0
2023-06-20 01:00:00,26982.29000000,27179.03000000,26881.35000000,26902.31000000,3256.22412000,2023-06-20 01:59:59.999,87970751.69343300,68969,1575.78239000,42579644.28419310,0
2023-06-20 02:00:00,26902.32000000,26945.25000000,26875.96000000,26914.50000000,1076.93919000,2023-06-20 02:59:59.999,28982556.25773150,21354,568.36313000,15297437.19064570,0
2023-06-20 03:00:00,26914.51000000,26972.30000000,26888.00000000,26896.52000000,1096.26955000,2023-06-20 03:59:59.999,29522678.03168580,18726,540.10829000,14545084.80091280,0
2023-06-20 04:00:00,26896.53000000,26969.64000000,26896.52000000,26965.94000000,893.56524000,2023-06-20 04:59:59.999,24075155.45320420,20555,480.54685000,12947808.66976920,0
2023-06-20 05:00:00,26965.94000000,27033.24000000,26794.01000000,26820.46000000,2045.50027000,2023-06-20 05:59:59.999,55036444.16246830,39936,936.12445000,25189689.40599370,0
2023-06-20 06:00:00,26821.36000000,26843.60000000,26755.00000000,26789.15000000,1377.18849000,2023-06-20 06:59:59.999,36912187.86007550,25722,588.94603000,15784682.77000720,0
2023-06-20 07:00:00,26789.15000000,26840.00000000,26758.76000000,26832.44000000,809.25754000,2023-06-20 07:59:59.999,21696682.39029050,25995,391.18516000,10487933.15688920,0
2023-06-20 08:00:00,26832.45000000,26837.40000000,26740.00000000,26754.25000000,1430.99115000,2023-06-20 08:59:59.999,38316998.82871830,24376,635.03701000,17003226.49882380,0
2023-06-20 09:00:00,26754.24000000,26814.68000000,26702.47000000,26780.56000000,1091.14439000,2023-06-20 09:59:59.999,29201480.83343270,23553,483.70693000,12945130.21713120,0
2023-06-20 10:00:00,26780.57000000,26831.52000000,26748.91000000,26775.98000000,893.78336000,2023-06-20 10:59:59.999,23942110.28462500,20303,397.50944000,10647884.45865620,0
2023-06-20 11:00:00,26775.99000000,26912.00000000,26754.00000000,26907.99000000,1134.44333000,2023-06-20 11:59:59.999,30441739.19604180,23656,639.72849000,17169842.53005320,0
2023-06-20 12:00:00,26907.99000000,26980.00000000,26834.62000000,26851.99000000,2026.36243000,2023-06-20 12:59:59.999,54514375.38065530,34146,1038.31448000,27936676.10797270,0
2023-06-20 13:00:00,26851.99000000,26950.00000000,26783.27000000,26812.01000000,1821.68387000,2023-06-20 13:59:59.999,48973821.52555590,33690,807.16058000,21699440.00993790,0
2023-06-20 14:00:00,26812.00000000,26845.97000000,26652.00000000,26780.00000000,2224.02348000,2023-06-20 14:59:59.999,59494099.81017420,43454,1102.77554000,29499639.61131460,0
2023-06-20 15:00:00,26780.00000000,27134.73000000,26740.00000000,27071.93000000,2863.75461000,2023-06-20 15:59:59.999,77183671.21686490,52894,1569.08001000,42284276.80774750,0
2023-06-20 16:00:00,27071.94000000,27395.00000000,27001.73000000,27380.54000000,7125.20097000,2023-06-20 16:59:59.999,193977970.51242170,102052,3539.28014000,96354999.16973420,0
2023-06-20 17:00:00,27380.55000000,27965.00000000,27339.85000000,27796.00000000,10764.48177000,2023-06-20 17:59:59.999,296907293.44164080,146558,5745.23137000,158527498.79075510,0
2023-06-20 18:00:00,27796.00000000,28140.00000000,27778.00000000,28070.54000000,7564.05343000,2023-06-20 18:59:59.999,211435590.05366950,114229,3862.36205000,107952790.29520090,0
2023-06-20 19:00:00,28070.53000000,28110.29000000,27788.13000000,27982.77000000,5015.37961000,2023-06-20 19:59:59.999,139995254.94485630,80763,2265.56797000,63230222.02156450,0
2023-06-20 20:00:00,27982.77000000,28249.78000000,27872.00000000,28157.99000000,4647.76396000,2023-06-20 20:59:59.999,130401494.44275640,79963,2317.53306000,65022769.73298120,0
2023-06-20 21:00:00,28158.00000000,28306.41000000,28067.91000000,28130.00000000,3007.14870000,2023-06-20 21:59:59.999,84721550.36095710,56727,1550.76202000,43693543.30121640,0
2023-06-20 22:00:00,28130.00000000,28270.98000000,28104.30000000,28213.47000000,2099.29785000,2023-06-20 22:59:59.999,59146967.24014240,35776,1014.06030000,28572337.82374330,0
2023-06-20 23:00:00,28213.47000000,28402.74000000,28147.67000000,28307.99000000,3321.52271000,2023-06-20 23:59:59.999,93946255.24762600,49238,1870.46689000,52917702.12901870,0
2023-06-21 00:00:00,28308.00000000,28490.35000000,28257.99000000,28414.00000000,4203.05172000,2023-06-21 00:59:59.999,119179416.61460640,69985,2061.93046000,58479330.76261550,0
2023-06-21 01:00:00,28413.99000000,29088.09000000,28395.31000000,28785.93000000,7635.67277000,2023-06-21 01:59:59.999,219769200.74128230,139066,4039.57591000,116264277.76524650,0
2023-06-21 02:00:00,28785.93000000,28899.02000000,28759.15000000,28789.05000000,2735.89312000,2023-06-21 02:59:59.999,78824773.53916230,40619,1435.89310000,41371607.56403990,0
2023-06-21 03:00:00,28789.05000000,28803.76000000,28678.00000000,28711.15000000,2577.84040000,2023-06-21 03:59:59.999,74065686.00413540,41480,1268.46875000,36442904.47869900,0
2023-06-21 04:00:00,28711.15000000,28807.65000000,28680.00000000,28785.53000000,2715.90940000,2023-06-21 04:59:59.999,78068024.18529430,41208,1407.78341000,40465792.09258540,0
2023-06-21 05:00:00,28785.10000000,28990.00000000,28770.89000000,28982.02000000,2947.98711000,2023-06-21 05:59:59.999,85070951.15555420,48723,1662.86797000,47994924.68369270,0
2023-06-21 06:00:00,28982.01000000,29005.00000000,28771.87000000,28858.01000000,3655.79650000,2023-06-21 06:59:59.999,105499229.47283460,58368,2036.84777000,58773539.05490420,0
2023-06-21 07:00:00,28858.01000000,28919.66000000,28823.64000000,28872.28000000,1940.58433000,2023-06-21 07:59:59.999,56034763.53807640,38777,982.07933000,28357862.36018370,0
2023-06-21 08:00:00,28872.28000000,28914.99000000,28787.70000000,28824.41000000,2167.51226000,2023-06-21 08:59:59.999,62517611.97810770,37501,975.97957000,28149266.58182510,0
2023-06-21 09:00:00,28824.41000000,28962.88000000,28821.13000000,28923.69000000,1963.16892000,2023-06-21 09:59:59.999,56738035.56453720,34000,927.74768000,26809120.85871690,0
2023-06-21 10:00:00,28923.69000000,29221.99000000,28815.23000000,28834.91000000,4598.89045000,2023-06-21 10:59:59.999,133251973.94648380,76012,2309.74564000,66954335.43208940,0
2023-06-21 11:00:00,28834.92000000,29040.37000000,28801.00000000,28930.00000000,2413.47096000,2023-06-21 11:59:59.999,69798793.12116810,43892,1264.65552000,36579912.65712640,0
2023-06-21 12:00:00,28930.00000000,29151.80000000,28889.11000000,28893.73000000,3981.45692000,2023-06-21 12:59:59.999,115498841.21864180,61976,1881.70093000,54598219.88935770,0
2023-06-21 13:00:00,28893.74000000,29404.96000000,28875.81000000,29311.99000000,6154.83064000,2023-06-21 13:59:59.999,179517830.88084350,90781,3175.35743000,92652542.85522610,0
2023-06-21 14:00:00,29311.99000000,29591.99000000,29073.70000000,29536.01000000,7616.12614000,2023-06-21 14:59:59.999,223471792.90364840,121397,3870.04448000,113592022.37053160,0
2023-06-21 15:00:00,29536.02000000,30000.00000000,29467.78000000,29851.58000000,10154.81869000,2023-06-21 15:59:59.999,302301031.69275940,156689,5460.90965000,162605649.54905800,0
2023-06-21 16:00:00,29851.58000000,30800.00000000,29763.37000000,30164.58000000,16779.70316000,2023-06-21 16:59:59.999,508942578.70802340,295813,8869.07616000,268945662.48490180,0
2023-06-21 17:00:00,30164.58000000,30350.00000000,29854.00000000,30080.23000000,8536.62352000,2023-06-21 17:59:59.999,256430073.73546470,142134,4399.60625000,132185717.60300890,0
2023-06-21 18:00:00,30080.23000000,30291.98000000,30010.18000000,30131.39000000,4150.12024000,2023-06-21 18:59:59.999,125201490.45319870,78543,2077.63106000,62681443.94531630,0
2023-06-21 19:00:00,30131.38000000,30183.37000000,29903.82000000,30112.03000000,2699.01174000,2023-06-21 19:59:59.999,81085413.95225740,65237,1229.82322000,36945056.23911890,0
2023-06-21 20:00:00,30112.02000000,30152.71000000,29860.00000000,29988.01000000,2348.95616000,2023-06-21 20:59:59.999,70491535.20883370,51415,1029.54667000,30892751.44973950,0
2023-06-21 21:00:00,29988.01000000,30032.70000000,29800.00000000,29880.95000000,2564.40300000,2023-06-21 21:59:59.999,76742818.58900350,51576,1253.32318000,37508568.76848670,0
2023-06-21 22:00:00,29880.96000000,30149.99000000,29857.76000000,30114.56000000,2082.13438000,2023-06-21 22:59:59.999,62472120.64048000,42281,1197.50642000,35929966.35581380,0
2023-06-21 23:00:00,30114.55000000,30195.77000000,29970.90000000,29993.89000000,2302.44159000,2023-06-21 23:59:59.999,69327141.52189370,45400,1028.86896000,30984989.44265430,0
2023-06-22 00:00:00,29993.89000000,30245.51000000,29891.15000000,30139.48000000,3300.88077000,2023-06-22 00:59:59.999,99362056.71124390,61298,1725.25024000,51938021.34138260,0
2023-06-22 01:00:00,30139.47000000,30213.83000000,30062.36000000,30159.06000000,1725.43539000,2023-06-22 01:59:59.999,52022161.86865250,40688,824.22311000,24851834.06170380,0
2023-06-22 02:00:00,30159.07000000,30500.00000000,30084.68000000,30472.11000000,3481.61782000,2023-06-22 02:59:59.999,105568756.41934250,59338,1956.46947000,59321740.24576370,0
2023-06-22 03:00:00,30472.12000000,30493.58000000,30241.91000000,30296.01000000,1596.66569000,2023-06-22 03:59:59.999,48445731.06484860,37305,724.47104000,21982195.76096040,0
2023-06-22 04:00:00,30296.00000000,30350.00000000,30198.00000000,30350.00000000,1727.50704000,2023-06-22 04:59:59.999,52297374.79458270,36176,881.49498000,26691267.91979020,0
2023-06-22 05:00:00,30349.99000000,30350.00000000,30237.57000000,30285.30000000,1264.04066000,2023-06-22 05:59:59.999,38306272.89463760,31437,602.25990000,18252927.64133230,0
2023-06-22 06:00:00,30285.29000000,30293.85000000,30036.91000000,30130.02000000,2488.10638000,2023-06-22 06:59:59.999,74941640.21877150,56047,1163.49052000,35042790.11222400,0
2023-06-22 07:00:00,30130.02000000,30190.00000000,30010.00000000,30100.75000000,2209.53115000,2023-06-22 07:59:59.999,66494487.89081500,39071,1055.88609000,31782880.05591900,0
2023-06-22 08:00:00,30100.75000000,30152.00000000,30040.00000000,30096.70000000,1315.35716000,2023-06-22 08:59:59.999,39583842.65013640,30108,650.21279000,19567799.20179340,0
2023-06-22 09:00:00,30096.69000000,30178.19000000,30057.08000000,30134.36000000,1614.21962000,2023-06-22 09:59:59.999,48644531.51061670,33108,764.73957000,23045406.60462020,0
2023-06-22 10:00:00,30134.36000000,30244.00000000,30096.77000000,30178.00000000,1934.95374000,2023-06-22 10:59:59.999,58418361.50438490,36028,930.47592000,28096692.48788240,0
2023-06-22 11:00:00,30178.00000000,30184.68000000,29840.09000000,29928.00000000,5817.37663000,2023-06-22 11:59:59.999,174435282.16587440,95693,2492.83903000,74744693.95098010,0
2023-06-22 12:00:00,29928.01000000,30137.68000000,29918.48000000,30115.49000000,2017.58877000,2023-06-22 12:59:59.999,60646268.04312420,42210,1021.71731000,30705572.71228470,0
2023-06-22 13:00:00,30115.48000000,30351.14000000,30107.47000000,30235.99000000,3346.57669000,2023-06-22 13:59:59.999,101167251.55909460,64745,1713.48853000,51800868.28213590,0
2023-06-22 14:00:00,30235.99000000,30291.99000000,29525.61000000,29746.76000000,6617.87470000,2023-06-22 14:59:59.999,197969583.33702390,118691,2865.62426000,85695177.95575120,0
2023-06-22 15:00:00,29746.75000000,29963.58000000,29646.95000000,29850.65000000,4914.16651000,2023-06-22 15:59:59.999,146488574.31590160,73540,2170.94406000,64705141.95984450,0
2023-06-22 16:00:00,29850.65000000,30176.96000000,29821.50000000,29970.02000000,3665.23691000,2023-06-22 16:59:59.999,109873762.45357340,65732,1753.57400000,52567966.43778310,0
2023-06-22 17:00:00,29970.01000000,30187.27000000,29887.38000000,30145.29000000,2167.97436000,2023-06-22 17:59:59.999,65133711.48951520,42304,1031.57409000,31000822.03289060,0
2023-06-22 18:00:00,30145.30000000,30167.08000000,29964.76000000,30133.99000000,1641.14420000,2023-06-22 18:59:59.999,49361878.47314200,34947,852.10502000,25634983.18426970,0
2023-06-22 19:00:00,30133.99000000,30234.83000000,30044.10000000,30213.11000000,1469.21738000,2023-06-22 19:59:59.999,44277049.31004070,32327,709.78486000,21393592.18775980,0
2023-06-22 20:00:00,30213.11000000,30256.76000000,30081.50000000,30152.07000000,1340.22068000,2023-06-22 20:59:59.999,40423624.62344340,30029,567.41552000,17116412.35055350,0
2023-06-22 21:00:00,30152.08000000,30164.17000000,29961.03000000,30054.07000000,992.20765000,2023-06-22 21:59:59.999,29821605.35382240,28718,443.74677000,13335805.00907710,0
2023-06-22 22:00:00,30054.06000000,30084.72000000,29880.00000000,29927.77000000,1431.63480000,2023-06-22 22:59:59.999,42943447.99455930,32176,536.17398000,16085260.37837150,0
2023-06-22 23:00:00,29927.78000000,29998.00000000,29884.91000000,29884.92000000,975.02990000,2023-06-22 23:59:59.999,29194847.11610810,24376,464.97206000,13924408.30475170,0
2023-06-23 00:00:00,29884.92000000,30054.00000000,29875.92000000,30010.00000000,1972.80262000,2023-06-23 00:59:59.999,59172689.16622630,40540,891.02101000,26722781.72695540,0
2023-06-23 01:00:00,30010.01000000,30045.45000000,29926.26000000,29933.53000000,820.96946000,2023-06-23 01:59:59.999,24628481.55061580,24034,426.89068000,12806655.25472270,0
2023-06-23 02:00:00,29933.52000000,29984.91000000,29800.00000000,29984.91000000,1236.23334000,2023-06-23 02:59:59.999,36955772.68391470,31063,603.58637000,18045105.77690080,0
2023-06-23 03:00:00,29984.91000000,30025.90000000,29975.73000000,30007.96000000,551.18386000,2023-06-23 03:59:59.999,16534800.11330510,16798,268.42524000,8052513.16356290,0
2023-06-23 04:00:00,30007.97000000,30082.25000000,29987.54000000,30002.00000000,866.65061000,2023-06-23 04:59:59.999,26026819.61682270,22363,420.06172000,12615107.71502860,0
2023-06-23 05:00:00,30002.00000000,30073.85000000,29987.05000000,30042.00000000,641.41454000,2023-06-23 05:59:59.999,19262787.84646290,19036,295.44604000,8873332.78982080,0
2023-06-23 06:00:00,30042.00000000,30062.33000000,29974.28000000,30012.18000000,852.43491000,2023-06-23 06:59:59.999,25600583.58891070,23618,415.91187000,12491246.16720120,0
2023-06-23 07:00:00,30012.18000000,30012.18000000,29904.29000000,29931.99000000,1994.66287000,2023-06-23 07:59:59.999,59755698.77400360,39065,650.89878000,19501101.97397290,0
2023-06-23 08:00:00,29932.00000000,30041.20000000,29906.71000000,30008.12000000,1058.14377000,2023-06-23 08:59:59.999,31731210.79648320,24176,470.62560000,14112525.35526790,0
2023-06-23 09:00:00,30008.12000000,30170.43000000,29963.62000000,30145.22000000,1631.38564000,2023-06-23 09:59:59.999,49015943.51597760,35098,790.36327000,23753981.06424300,0
2023-06-23 10:00:00,30145.21000000,30195.00000000,29938.00000000,30075.99000000,2211.52985000,2023-06-23 10:59:59.999,66533485.49583000,44395,944.14759000,28402921.58654630,0
2023-06-23 11:00:00,30076.00000000,30150.00000000,30038.65000000,30140.87000000,1156.05820000,2023-06-23 11:59:59.999,34791492.20730370,28256,531.93758000,16008145.99751240,0
2023-06-23 12:00:00,30140.86000000,30230.87000000,29996.00000000,30106.50000000,3104.11354000,2023-06-23 12:59:59.999,93480951.69798450,55734,1485.22053000,44735442.94847200,0
2023-06-23 13:00:00,30106.51000000,30181.80000000,29911.07000000,30077.82000000,2448.78785000,2023-06-23 13:59:59.999,73652621.18835920,52649,1038.31781000,31228469.65333710,0
2023-06-23 14:00:00,30077.82000000,30356.30000000,30010.61000000,30282.04000000,4001.96289000,2023-06-23 14:59:59.999,120758625.72921000,69854,2162.98369000,65269802.30048480,0
2023-06-23 15:00:00,30282.05000000,31400.00000000,30252.00000000,31238.00000000,16528.62191000,2023-06-23 15:59:59.999,509747577.10461140,266127,9341.06572000,288092738.44211860,0
2023-06-23 16:00:00,31238.01000000,31431.94000000,30666.67000000,31097.02000000,11756.58344000,2023-06-23 16:59:59.999,365452623.79168330,175737,5920.65386000,184075050.59308810,0
2023-06-23 17:00:00,31097.02000000,31286.61000000,31007.18000000,31241.10000000,5100.61728000,2023-06-23 17:59:59.999,158835456.57575100,74881,2563.60988000,79838606.69047270,0
2023-06-23 18:00:00,31241.10000000,31271.91000000,30880.78000000,30943.68000000,5050.67281000,2023-06-23 18:59:59.999,156609404.15440930,73981,1940.46038000,60177971.81594320,0
2023-06-23 19:00:00,30943.69000000,30944.42000000,30615.33000000,30880.87000000,3979.10321000,2023-06-23 19:59:59.999,122625425.82679620,66933,1843.07267000,56793686.03328110,0
2023-06-23 20:00:00,30880.88000000,30950.00000000,30788.51000000,30906.07000000,1641.73216000,2023-06-23 20:59:59.999,50673285.40365400,34366,809.31391000,24981812.67441840,0
2023-06-23 21:00:00,30906.07000000,30919.00000000,30540.69000000,30659.80000000,1810.41111000,2023-06-23 21:59:59.999,55689308.63459880,45771,805.96315000,24792060.37121210,0
2023-06-23 22:00:00,30659.80000000,30669.35000000,30453.10000000,30644.17000000,2299.67907000,2023-06-23 22:59:59.999,70312093.24468550,45752,1067.62906000,32647145.20339270,0
2023-06-23 23:00:00,30644.17000000,30691.32000000,30522.50000000,30688.50000000,1216.14141000,2023-06-23 23:59:59.999,37230357.48786930,28306,601.71099000,18420979.65269990,0
2023-06-24 00:00:00,30688.51000000,30694.16000000,30459.32000000,30488.20000000,1984.03430000,2023-06-24 00:59:59.999,60659916.92019090,50977,759.69329000,23229568.83943440,0
2023-06-24 01:00:00,30488.20000000,30629.88000000,30410.00000000,30605.30000000,1586.32575000,2023-06-24 01:59:59.999,48403113.50509180,36573,734.87878000,22429330.51307250,0
2023-06-24 02:00:00,30605.31000000,30794.11000000,30580.01000000,30756.60000000,1600.85237000,2023-06-24 02:59:59.999,49142097.77525560,32922,993.53726000,30499608.12297140,0
2023-06-24 03:00:00,30756.61000000,30779.83000000,30702.80000000,30730.01000000,877.79624000,2023-06-24 03:59:59.999,26982224.19986970,22236,435.50211000,13387193.84462530,0
2023-06-24 04:00:00,30730.00000000,30753.35000000,30655.35000000,30703.68000000,658.95585000,2023-06-24 04:59:59.999,20239875.28192070,21554,326.64908000,10033163.89814140,0
2023-06-24 05:00:00,30703.69000000,30756.08000000,30676.13000000,30725.01000000,708.67254000,2023-06-24 05:59:59.999,21771394.04567250,20546,347.75445000,10683066.88365890,0
2023-06-24 06:00:00,30725.01000000,30788.00000000,30631.41000000,30697.94000000,1084.98195000,2023-06-24 06:59:59.999,33298759.91913760,26179,548.59330000,16838605.36618180,0
2023-06-24 07:00:00,30697.95000000,30697.95000000,30552.01000000,30567.58000000,1134.60715000,2023-06-24 07:59:59.999,34761246.57831260,32133,433.98438000,13299074.47330510,0
2023-06-24 08:00:00,30567.58000000,30665.43000000,30552.78000000,30608.82000000,1085.54371000,2023-06-24 08:59:59.999,33212941.32646740,27408,546.74403000,16730304.82406530,0
2023-06-24 09:00:00,30608.81000000,30637.21000000,30574.75000000,30621.63000000,654.58765000,2023-06-24 09:59:59.999,20034010.81419110,21894,331.70277000,10151854.10568930,0
2023-06-24 10:00:00,30621.64000000,30742.73000000,30605.01000000,30739.98000000,1090.05641000,2023-06-24 10:59:59.999,33446899.90240960,26755,578.29490000,17743541.95088970,0
2023-06-24 11:00:00,30739.99000000,30739.99000000,30656.40000000,30684.38000000,647.90422000,2023-06-24 11:59:59.999,19883085.71845790,22143,303.68707000,9319355.46408480,0
2023-06-24 12:00:00,30684.37000000,30800.00000000,30652.00000000,30694.57000000,1254.54445000,2023-06-24 12:59:59.999,38551083.49631190,33146,626.51233000,19252503.59321230,0
2023-06-24 13:00:00,30694.56000000,30720.00000000,30525.00000000,30640.69000000,1409.55169000,2023-06-24 13:59:59.999,43178823.05199220,38465,575.85203000,17642744.22939420,0
2023-06-24 14:00:00,30640.69000000,30720.00000000,30605.48000000,30688.53000000,984.95924000,2023-06-24 14:59:59.999,30197984.34300020,31033,566.82039000,17378694.18714330,0
2023-06-24 15:00:00,30688.52000000,30697.96000000,30282.07000000,30398.71000000,3770.28438000,2023-06-24 15:59:59.999,114848789.20837170,83102,1643.67937000,50066157.02610930,0
2023-06-24 16:00:00,30398.72000000,30513.25000000,30250.00000000,30510.01000000,2499.12893000,2023-06-24 16:59:59.999,75972444.44554620,60087,1159.54597000,35257772.38020230,0
2023-06-24 17:00:00,30510.01000000,30650.31000000,30502.00000000,30584.49000000,1834.45461000,2023-06-24 17:59:59.999,56101887.21229040,41456,929.06274000,28413428.83926890,0
2023-06-24 18:00:00,30584.50000000,30709.36000000,30570.00000000,30638.38000000,1184.33370000,2023-06-24 18:59:59.999,36303753.59058710,30230,649.68821000,19914258.50752810,0
2023-06-24 19:00:00,30638.39000000,30679.51000000,30598.83000000,30627.84000000,625.39568000,2023-06-24 19:59:59.999,19166870.92966760,20254,231.02398000,7080643.59543700,0
2023-06-24 20:00:00,30627.84000000,30627.85000000,30484.16000000,30507.56000000,803.57202000,2023-06-24 20:59:59.999,24561600.81286800,24063,299.13917000,9142762.16005720,0
2023-06-24 21:00:00,30507.56000000,30574.40000000,30408.95000000,30513.78000000,1066.66873000,2023-06-24 21:59:59.999,32528996.00475520,29539,438.57618000,13375533.82313600,0
2023-06-24 22:00:00,30513.78000000,30544.17000000,30476.50000000,30515.33000000,1129.22349000,2023-06-24 22:59:59.999,34448270.94885890,21640,700.73449000,21375121.16939290,0
2023-06-24 23:00:00,30515.33000000,30570.00000000,30485.70000000,30527.43000000,836.86629000,2023-06-24 23:59:59.999,25548327.67277530,22008,335.90819000,10256360.12508080,0
2023-06-25 00:00:00,30527.44000000,30582.00000000,30465.41000000,30513.23000000,788.33252000,2023-06-25 00:59:59.999,24054090.63549920,24842,381.45593000,11638908.96143760,0
2023-06-25 01:00:00,30513.24000000,30624.00000000,30467.47000000,30598.52000000,705.61728000,2023-06-25 01:59:59.999,21571854.44098250,22656,385.05558000,11771142.87984070,0
2023-06-25 02:00:00,30598.52000000,30686.16000000,30592.00000000,30621.30000000,817.81138000,2023-06-25 02:59:59.999,25058329.51480130,27166,442.41198000,13555078.09878520,0
2023-06-25 03:00:00,30621.30000000,30783.68000000,30619.76000000,30748.46000000,1226.46510000,2023-06-25 03:59:59.999,37665604.72156280,34386,666.30237000,20463363.37489420,0
2023-06-25 04:00:00,30748.46000000,31046.01000000,30748.46000000,30890.66000000,3602.56006000,2023-06-25 04:59:59.999,111376909.02448480,64770,1923.55890000,59463571.44945490,0
2023-06-25 05:00:00,30890.65000000,30950.34000000,30829.28000000,30858.56000000,1393.62282000,2023-06-25 05:59:59.999,43037965.45411600,32690,706.42067000,21815874.93792250,0
2023-06-25 06:00:00,30858.55000000,30985.91000000,30752.00000000,30872.66000000,1962.44510000,2023-06-25 06:59:59.999,60549034.76312660,46941,912.13160000,28143974.30713130,0
2023-06-25 07:00:00,30872.66000000,30877.58000000,30666.87000000,30723.78000000,1559.94654000,2023-06-25 07:59:59.999,47945604.09896430,44238,718.45492000,22077879.73150210,0
2023-06-25 08:00:00,30723.78000000,30761.70000000,30666.67000000,30735.93000000,954.57784000,2023-06-25 08:59:59.999,29333840.02092130,28766,472.28147000,14512654.13287800,0
2023-06-25 09:00:00,30735.92000000,30735.93000000,30588.00000000,30683.99000000,1184.45572000,2023-06-25 09:59:59.999,36319441.66405120,34990,522.88980000,16032472.15348220,0
2023-06-25 10:00:00,30683.99000000,30692.79000000,30584.51000000,30621.27000000,934.08771000,2023-06-25 10:59:59.999,28623215.09249760,28238,463.36997000,14198802.28924790,0
2023-06-25 11:00:00,30621.28000000,30740.00000000,30590.00000000,30716.03000000,849.77887000,2023-06-25 11:59:59.999,26045696.61582220,26626,491.58638000,15069174.50202680,0
2023-06-25 12:00:00,30716.03000000,30739.80000000,30630.89000000,30669.40000000,841.00481000,2023-06-25 12:59:59.999,25803542.33837850,26264,357.14895000,10959369.29722210,0
2023-06-25 13:00:00,30669.39000000,30688.76000000,30515.68000000,30676.50000000,1794.75050000,2023-06-25 13:59:59.999,54926992.47171850,45693,884.44707000,27067968.78346390,0
2023-06-25 14:00:00,30676.49000000,30727.27000000,30530.00000000,30551.82000000,1501.24490000,2023-06-25 14:59:59.999,46016528.11349230,35972,625.62105000,19178239.19478250,0
2023-06-25 15:00:00,30551.82000000,30636.00000000,30462.00000000,30585.16000000,1701.88039000,2023-06-25 15:59:59.999,52015049.77482250,41787,801.45747000,24493829.67255470,0
2023-06-25 16:00:00,30585.16000000,30655.11000000,30500.20000000,30590.29000000,1015.29505000,2023-06-25 16:59:59.999,31031612.44695330,31690,507.91220000,15525068.43494620,0
2023-06-25 17:00:00,30590.30000000,30609.79000000,30488.00000000,30526.01000000,717.51394000,2023-06-25 17:59:59.999,21926970.63840950,24707,324.67132000,9922412.61113260,0
2023-06-25 18:00:00,30526.00000000,30526.01000000,30341.73000000,30453.03000000,2168.98604000,2023-06-25 18:59:59.999,65957835.51785020,45489,988.01271000,30042985.00442230,0
2023-06-25 19:00:00,30453.02000000,30453.03000000,30328.00000000,30429.78000000,969.63492000,2023-06-25 19:59:59.999,29469140.80755760,25732,433.41654000,13171739.72575060,0
2023-06-25 20:00:00,30429.78000000,30530.71000000,30277.49000000,30374.00000000,1341.69212000,2023-06-25 20:59:59.999,40814364.36755600,33010,613.62537000,18670380.16511730,0
2023-06-25 21:00:00,30374.01000000,30493.61000000,30362.55000000,30451.52000000,640.68737000,2023-06-25 21:59:59.999,19495575.16075300,20028,306.97721000,9340849.27530880,0
2023-06-25 22:00:00,30451.52000000,30571.89000000,30386.66000000,30500.86000000,865.46846000,2023-06-25 22:59:59.999,26391729.48021990,24046,419.95383000,12805346.02173390,0
2023-06-25 23:00:00,30500.86000000,30501.87000000,30432.43000000,30462.66000000,685.58857000,2023-06-25 23:59:59.999,20885717.25222540,19183,278.81144000,8493509.55374920,0
2023-06-26 00:00:00,30462.67000000,30550.00000000,30391.75000000,30394.89000000,1453.76516000,2023-06-26 00:59:59.999,44298396.39312520,37153,684.67457000,20863888.65221860,0
2023-06-26 01:00:00,30394.88000000,30405.56000000,29963.60000000,30172.74000000,5025.23679000,2023-06-26 01:59:59.999,151663439.26930800,97251,2362.72589000,71308102.98566610,0
2023-06-26 02:00:00,30172.73000000,30240.00000000,30115.77000000,30222.48000000,1328.30002000,2023-06-26 02:59:59.999,40087968.74382910,28682,718.74290000,21689398.99400500,0
2023-06-26 03:00:00,30222.48000000,30328.63000000,30177.38000000,30296.36000000,1400.57854000,2023-06-26 03:59:59.999,42342632.94284820,24589,915.61047000,27679099.24465180,0
2023-06-26 04:00:00,30296.35000000,30323.99000000,30214.30000000,30245.17000000,1075.49423000,2023-06-26 04:59:59.999,32543330.54635490,22331,524.70074000,15876705.17140450,0
2023-06-26 05:00:00,30245.18000000,30272.93000000,30164.79000000,30215.05000000,923.87173000,2023-06-26 05:59:59.999,27919208.61164830,26217,378.27956000,11431107.61860500,0
2023-06-26 06:00:00,30215.04000000,30486.23000000,30194.59000000,30483.97000000,1882.17156000,2023-06-26 06:59:59.999,57070104.39452490,39698,1045.62317000,31714127.77465320,0
2023-06-26 07:00:00,30483.97000000,30580.00000000,30283.00000000,30404.29000000,2925.00908000,2023-06-26 07:59:59.999,89065302.69804420,55501,1562.05086000,47570460.53591200,0
2023-06-26 08:00:00,30404.28000000,30428.36000000,30323.37000000,30405.75000000,1461.71860000,2023-06-26 08:59:59.999,44397445.29277180,30618,706.05940000,21443421.59616870,0
2023-06-26 09:00:00,30405.76000000,30420.14000000,30245.88000000,30268.00000000,1428.10021000,2023-06-26 09:59:59.999,43309777.47400010,31633,697.44758000,21148789.29852510,0
2023-06-26 10:00:00,30268.00000000,30288.37000000,30130.00000000,30267.99000000,1680.23729000,2023-06-26 10:59:59.999,50787708.61052950,38085,755.44771000,22833679.34856420,0
2023-06-26 11:00:00,30268.00000000,30343.60000000,30250.00000000,30322.89000000,863.63679000,2023-06-26 11:59:59.999,26177748.60461930,23526,399.92341000,12122171.48026530,0
2023-06-26 12:00:00,30322.89000000,30398.00000000,30257.02000000,30359.30000000,1272.61484000,2023-06-26 12:59:59.999,38606873.52655540,28320,588.24090000,17845451.31173590,0
2023-06-26 13:00:00,30359.29000000,30658.49000000,30356.97000000,30639.14000000,2685.49565000,2023-06-26 13:59:59.999,81877815.85834360,54679,1536.93359000,46859434.09153550,0
2023-06-26 14:00:00,30639.14000000,30666.00000000,30260.01000000,30394.56000000,3686.69779000,2023-06-26 14:59:59.999,112319689.32076600,68219,1776.17157000,54113432.18725530,0
2023-06-26 15:00:00,30394.56000000,30461.37000000,30325.00000000,30419.62000000,1452.03887000,2023-06-26 15:59:59.999,44131476.97907160,33996,579.02904000,17600042.38836710,0
2023-06-26 16:00:00,30419.63000000,30432.00000000,29982.47000000,30100.47000000,4174.44025000,2023-06-26 16:59:59.999,125902968.44181190,76598,1783.02452000,53785970.51340710,0
2023-06-26 17:00:00,30100.46000000,30170.38000000,29930.00000000,30084.63000000,3609.93446000,2023-06-26 17:59:59.999,108550758.06605610,66573,1783.29851000,53627748.83831790,0
2023-06-26 18:00:00,30084.63000000,30239.62000000,30040.00000000,30213.36000000,1794.10177000,2023-06-26 18:59:59.999,54075230.33871980,36780,917.14835000,27646555.47027900,0
2023-06-26 19:00:00,30213.35000000,30306.96000000,30070.42000000,30243.97000000,1643.44544000,2023-06-26 19:59:59.999,49611198.40626680,37589,847.96863000,25598843.82302850,0
2023-06-26 20:00:00,30243.97000000,30290.00000000,30141.70000000,30161.78000000,1129.49012000,2023-06-26 20:59:59.999,34130894.83873920,26390,534.40117000,16148284.94694820,0
2023-06-26 21:00:00,30161.78000000,30220.59000000,30116.90000000,30158.07000000,809.37593000,2023-06-26 21:59:59.999,24421871.50088020,26607,427.18514000,12889979.57430060,0
2023-06-26 22:00:00,30158.07000000,30258.14000000,30099.00000000,30227.51000000,884.18364000,2023-06-26 22:59:59.999,26690171.89000480,25970,448.44052000,13537136.09664900,0
2023-06-26 23:00:00,30227.50000000,30286.63000000,30197.51000000,30267.99000000,590.47613000,2023-06-26 23:59:59.999,17855644.79636360,17778,304.45464000,9206836.63019680,0
2023-06-27 00:00:00,30267.99000000,30381.21000000,30226.17000000,30354.02000000,1243.43295000,2023-06-27 00:59:59.999,37684404.64348500,30401,639.96866000,19396598.87607640,0
2023-06-27 01:00:00,30354.01000000,30390.00000000,30273.02000000,30373.77000000,904.74577000,2023-06-27 01:59:59.999,27441186.91917590,25103,413.02911000,12528041.87394880,0
2023-06-27 02:00:00,30373.76000000,30496.88000000,30353.48000000,30480.06000000,1299.70052000,2023-06-27 02:59:59.999,39556050.70517610,26886,813.88544000,24772825.80253240,0
2023-06-27 03:00:00,30480.07000000,30484.00000000,30363.79000000,30371.57000000,1442.25850000,2023-06-27 03:59:59.999,43887465.51595370,27061,630.44328000,19187608.92294930,0
2023-06-27 04:00:00,30371.56000000,30385.00000000,30332.95000000,30348.80000000,940.55778000,2023-06-27 04:59:59.999,28559762.17643240,19586,321.66890000,9766851.24025370,0
2023-06-27 05:00:00,30348.81000000,30366.09000000,30247.98000000,30317.90000000,1197.28892000,2023-06-27 05:59:59.999,36293735.88600150,24204,440.32373000,13346985.47431980,0
2023-06-27 06:00:00,30317.91000000,30322.00000000,30233.58000000,30320.14000000,785.33529000,2023-06-27 06:59:59.999,23777754.06299460,22717,331.11102000,10025172.37067750,0
2023-06-27 07:00:00,30320.14000000,30470.80000000,30307.18000000,30411.22000000,1229.54018000,2023-06-27 07:59:59.999,37356746.88331350,28598,655.32450000,19911253.24735600,0
2023-06-27 08:00:00,30411.23000000,30448.45000000,30355.05000000,30395.14000000,984.61427000,2023-06-27 08:59:59.999,29930925.39011170,22761,385.79707000,11727780.06651030,0
2023-06-27 09:00:00,30395.13000000,30400.00000000,30336.00000000,30377.98000000,841.13780000,2023-06-27 09:59:59.999,25545807.86474630,22008,306.41117000,9305723.66391770,0
2023-06-27 10:00:00,30377.97000000,30705.35000000,30377.97000000,30656.57000000,4905.90376000,2023-06-27 10:59:59.999,150091492.92480850,70767,2667.82697000,81593305.65073220,0
2023-06-27 11:00:00,30656.56000000,30786.99000000,30537.00000000,30729.10000000,2201.27766000,2023-06-27 11:59:59.999,67488733.94611870,41411,1099.38827000,33717931.26748990,0
2023-06-27 12:00:00,30729.09000000,30769.04000000,30633.21000000,30713.99000000,2338.57206000,2023-06-27 12:59:59.999,71794233.90495220,37322,1110.83226000,34102869.62518300,0
2023-06-27 13:00:00,30713.99000000,30720.00000000,30528.00000000,30610.41000000,1781.80311000,2023-06-27 13:59:59.999,54536950.66149310,39208,771.31205000,23605653.28563250,0
2023-06-27 14:00:00,30610.41000000,30994.97000000,30585.23000000,30808.63000000,5635.51146000,2023-06-27 14:59:59.999,173691582.07893310,95209,2897.37073000,89301057.92907860,0
2023-06-27 15:00:00,30808.63000000,30820.00000000,30383.00000000,30498.74000000,3648.38913000,2023-06-27 15:59:59.999,111553156.89427420,59468,1609.92176000,49218346.40557980,0
2023-06-27 16:00:00,30498.74000000,30748.00000000,30455.50000000,30710.65000000,2848.85496000,2023-06-27 16:59:59.999,87218223.31256630,48454,1557.26409000,47692522.35318810,0
2023-06-27 17:00:00,30710.64000000,30769.96000000,30618.68000000,30733.20000000,2690.02139000,2023-06-27 17:59:59.999,82553517.74132930,39504,1761.70180000,54062720.43775710,0
2023-06-27 18:00:00,30733.19000000,30737.93000000,30626.67000000,30686.32000000,1038.77446000,2023-06-27 18:59:59.999,31883813.49456210,22889,560.23237000,17195699.93004520,0
2023-06-27 19:00:00,30686.33000000,30737.99000000,30638.91000000,30648.03000000,931.40904000,2023-06-27 19:59:59.999,28580581.13149220,24255,374.32919000,11486062.90364730,0
2023-06-27 20:00:00,30648.03000000,30716.00000000,30554.09000000,30649.96000000,1119.38161000,2023-06-27 20:59:59.999,34283742.26335370,28321,521.85134000,15984185.98400940,0
2023-06-27 21:00:00,30649.96000000,30728.00000000,30575.29000000,30717.42000000,1359.51716000,2023-06-27 21:59:59.999,41672727.08323270,28953,641.23610000,19653485.02760500,0
2023-06-27 22:00:00,30717.41000000,30736.24000000,30579.34000000,30586.45000000,720.01602000,2023-06-27 22:59:59.999,22079397.33662400,20921,307.22321000,9420925.33936330,0
2023-06-27 23:00:00,30586.45000000,30726.27000000,30573.13000000,30692.44000000,611.59777000,2023-06-27 23:59:59.999,18744264.19822630,18366,332.84215000,10200299.08778780,0
2023-06-28 00:00:00,30692.44000000,30709.74000000,30460.56000000,30614.00000000,1933.84626000,2023-06-28 00:59:59.999,59078596.94374910,45546,919.26471000,28083288.11247520,0
2023-06-28 01:00:00,30614.01000000,30665.08000000,30474.96000000,30498.42000000,1035.89683000,2023-06-28 01:59:59.999,31662325.01460790,27464,499.39087000,15264084.34336920,0
2023-06-28 02:00:00,30498.43000000,30544.80000000,30336.36000000,30420.01000000,1423.15653000,2023-06-28 02:59:59.999,43336979.36265920,31423,626.80697000,19086922.85118670,0
2023-06-28 03:00:00,30420.01000000,30473.62000000,30394.86000000,30452.75000000,1029.95038000,2023-06-28 03:59:59.999,31353881.87840550,20517,656.71161000,19992708.91855200,0
2023-06-28 04:00:00,30452.74000000,30488.83000000,30390.96000000,30482.31000000,828.16855000,2023-06-28 04:59:59.999,25211606.20903490,22176,461.76731000,14057961.47883870,0
2023-06-28 05:00:00,30482.31000000,30482.31000000,30375.00000000,30452.53000000,801.89932000,2023-06-28 05:59:59.999,24403147.83180590,23379,338.72898000,10307724.34412530,0
2023-06-28 06:00:00,30452.54000000,30452.54000000,30343.58000000,30375.09000000,939.99925000,2023-06-28 06:59:59.999,28585871.99918150,28273,407.91293000,12403421.94771050,0
2023-06-28 07:00:00,30375.08000000,30393.49000000,30155.75000000,30186.13000000,3599.80219000,2023-06-28 07:59:59.999,108934545.59158430,79438,1548.99356000,46864185.74586440,0
2023-06-28 08:00:00,30186.14000000,30280.80000000,30150.98000000,30278.00000000,1634.54287000,2023-06-28 08:59:59.999,49385650.08937020,43994,780.98081000,23599568.99494390,0
2023-06-28 09:00:00,30278.00000000,30332.53000000,30229.99000000,30304.42000000,1215.65755000,2023-06-28 09:59:59.999,36818927.15284440,33897,614.27935000,18603786.96930940,0
2023-06-28 10:00:00,30304.42000000,30344.07000000,30282.00000000,30337.62000000,791.80420000,2023-06-28 10:59:59.999,24005818.34798890,27060,369.50759000,11202323.44203210,0
2023-06-28 11:00:00,30337.61000000,30388.00000000,30306.13000000,30310.73000000,827.59683000,2023-06-28 11:59:59.999,25115483.99195530,28987,359.83992000,10921136.36711020,0
2023-06-28 12:00:00,30310.73000000,30370.00000000,30037.20000000,30101.99000000,3157.68025000,2023-06-28 12:59:59.999,95302959.37401340,66251,1512.21149000,45641035.21777820,0
2023-06-28 13:00:00,30102.00000000,30211.54000000,30009.00000000,30202.34000000,2977.81675000,2023-06-28 13:59:59.999,89711741.33567260,51814,1417.69371000,42711053.85973040,0
2023-06-28 14:00:00,30202.34000000,30490.86000000,30147.24000000,30316.00000000,3109.70456000,2023-06-28 14:59:59.999,94350210.25980000,55195,1668.20062000,50609392.93301350,0
2023-06-28 15:00:00,30316.00000000,30449.83000000,30282.21000000,30411.06000000,1713.02471000,2023-06-28 15:59:59.999,52038904.65068890,33449,916.54146000,27843878.00735130,0
2023-06-28 16:00:00,30411.07000000,30466.36000000,30255.26000000,30258.00000000,1596.58976000,2023-06-28 16:59:59.999,48479004.77432330,28861,710.15999000,21564199.83714960,0
2023-06-28 17:00:00,30258.00000000,30284.00000000,30056.73000000,30155.23000000,2267.12413000,2023-06-28 17:59:59.999,68338727.16874500,45547,970.82345000,29261888.86679080,0
2023-06-28 18:00:00,30155.24000000,30256.00000000,30142.51000000,30198.15000000,987.55361000,2023-06-28 18:59:59.999,29820914.66625650,23631,491.36669000,14838297.91460480,0
2023-06-28 19:00:00,30198.15000000,30250.00000000,29858.80000000,30100.00000000,4638.80747000,2023-06-28 19:59:59.999,139202766.40929060,78106,2002.92450000,60109184.73794530,0
2023-06-28 20:00:00,30099.99000000,30145.00000000,29948.82000000,30108.01000000,1517.73144000,2023-06-28 20:59:59.999,45603115.30985260,35211,769.39631000,23118010.45115300,0
2023-06-28 21:00:00,30108.00000000,30218.55000000,30030.00000000,30134.38000000,919.34826000,2023-06-28 21:59:59.999,27693411.35842630,24745,460.04006000,13860551.56761410,0
2023-06-28 22:00:00,30134.39000000,30183.50000000,30086.99000000,30105.94000000,815.46244000,2023-06-28 22:59:59.999,24576910.80897540,20882,365.16428000,11004477.94401100,0
2023-06-28 23:00:00,30105.94000000,30183.48000000,30057.89000000,30077.41000000,700.35523000,2023-06-28 23:59:59.999,21092137.08402450,19624,308.04711000,9277640.98072910,0
2023-06-29 00:00:00,30077.40000000,30177.70000000,30049.98000000,30079.99000000,1078.66655000,2023-06-29 00:59:59.999,32472997.49694960,28306,485.14531000,14606234.94749830,0
2023-06-29 01:00:00,30079.99000000,30245.90000000,30058.60000000,30168.77000000,978.18258000,2023-06-29 01:59:59.999,29519965.23424680,24263,554.51911000,16731720.62969630,0
2023-06-29 02:00:00,30168.78000000,30209.22000000,30100.00000000,30121.15000000,429.49445000,2023-06-29 02:59:59.999,12953547.22051150,18836,177.38193000,5349154.11385070,0
2023-06-29 03:00:00,30121.16000000,30193.10000000,30100.00000000,30176.00000000,464.39193000,2023-06-29 03:59:59.999,14002418.74984530,16788,248.59327000,7495532.15739420,0
2023-06-29 04:00:00,30176.00000000,30222.93000000,30141.05000000,30221.30000000,733.38814000,2023-06-29 04:59:59.999,22142746.27956270,15747,414.03419000,12499684.06858800,0
2023-06-29 05:00:00,30221.31000000,30260.00000000,30181.26000000,30183.00000000,707.05050000,2023-06-29 05:59:59.999,21366291.13870940,17229,278.51278000,8416685.33209630,0
2023-06-29 06:00:00,30183.00000000,30242.00000000,30179.60000000,30235.56000000,603.47587000,2023-06-29 06:59:59.999,18231636.43353360,19667,279.05749000,8429920.77974450,0
2023-06-29 07:00:00,30235.57000000,30421.48000000,30218.01000000,30340.29000000,1606.36984000,2023-06-29 07:59:59.999,48744829.59286830,35863,834.43982000,25318631.70124090,0
2023-06-29 08:00:00,30340.29000000,30449.00000000,30337.23000000,30383.98000000,1211.78860000,2023-06-29 08:59:59.999,36826880.88769860,30964,575.22242000,17481230.91049500,0
2023-06-29 09:00:00,30383.99000000,30473.14000000,30354.33000000,30433.33000000,1397.95015000,2023-06-29 09:59:59.999,42537142.00096500,29739,787.90019000,23972850.03431290,0
2023-06-29 10:00:00,30433.34000000,30750.00000000,30401.21000000,30697.11000000,4364.96780000,2023-06-29 10:59:59.999,133712392.48216040,66751,2391.10149000,73241574.77397870,0
2023-06-29 11:00:00,30697.12000000,30725.62000000,30566.00000000,30670.94000000,2538.11434000,2023-06-29 11:59:59.999,77763431.60896710,43835,1092.79002000,33482101.24249020,0
2023-06-29 12:00:00,30670.95000000,30709.21000000,30602.30000000,30623.93000000,1689.87928000,2023-06-29 12:59:59.999,51811942.70025090,34657,794.54756000,24363733.34661490,0
2023-06-29 13:00:00,30623.93000000,30843.98000000,30454.12000000,30564.00000000,4052.00497000,2023-06-29 13:59:59.999,124385400.98899200,70110,1946.27724000,59753866.41029730,0
2023-06-29 14:00:00,30564.00000000,30654.20000000,30400.00000000,30450.01000000,2801.25863000,2023-06-29 14:59:59.999,85565650.98632100,48550,1248.51390000,38137597.74764970,0
2023-06-29 15:00:00,30450.01000000,30544.85000000,30418.98000000,30478.80000000,1513.82721000,2023-06-29 15:59:59.999,46164643.26695010,28322,771.63123000,23532141.09609400,0
2023-06-29 16:00:00,30478.79000000,30579.34000000,30476.00000000,30502.01000000,1249.05650000,2023-06-29 16:59:59.999,38118887.96536320,24031,655.51604000,20004280.70346400,0
2023-06-29 17:00:00,30502.02000000,30663.37000000,30416.63000000,30543.33000000,2199.49822000,2023-06-29 17:59:59.999,67181588.39329870,45889,1112.48276000,33975691.42852880,0
2023-06-29 18:00:00,30543.33000000,30618.08000000,30500.29000000,30566.80000000,959.57942000,2023-06-29 18:59:59.999,29328215.94712120,24273,445.41891000,13613740.36446200,0
2023-06-29 19:00:00,30566.80000000,30606.97000000,30495.89000000,30584.99000000,1159.55116000,2023-06-29 19:59:59.999,35420323.92890290,26932,562.83424000,17192385.90431580,0
2023-06-29 20:00:00,30584.99000000,30639.90000000,30250.00000000,30398.98000000,2839.51325000,2023-06-29 20:59:59.999,86341393.66594910,51310,1243.19624000,37802873.39386040,0
2023-06-29 21:00:00,30398.97000000,30454.76000000,30366.84000000,30417.34000000,644.84504000,2023-06-29 21:59:59.999,19616379.49087200,20742,319.80008000,9727950.33366820,0
2023-06-29 22:00:00,30417.33000000,30460.00000000,30395.03000000,30409.34000000,505.97621000,2023-06-29 22:59:59.999,15400690.81247520,16439,263.53113000,8021549.32968640,0
2023-06-29 23:00:00,30409.35000000,30526.42000000,30392.78000000,30447.31000000,601.79839000,2023-06-29 23:59:59.999,18330992.65172600,19185,351.94122000,10721599.51169940,0
2023-06-30 00:00:00,30447.31000000,30511.38000000,30400.00000000,30441.34000000,861.90389000,2023-06-30 00:59:59.999,26254859.18375870,25583,421.74678000,12847356.59525130,0
2023-06-30 01:00:00,30441.35000000,30441.35000000,30347.17000000,30384.53000000,1011.73252000,2023-06-30 01:59:59.999,30749834.30271130,27100,464.97416000,14131631.82002120,0
2023-06-30 02:00:00,30384.54000000,30750.00000000,30375.57000000,30661.82000000,2861.97866000,2023-06-30 02:59:59.999,87591676.98137450,53456,1731.26712000,52977899.03260890,0
2023-06-30 03:00:00,30661.83000000,30883.68000000,30625.77000000,30745.05000000,3178.24729000,2023-06-30 03:59:59.999,97731233.73159520,56611,1740.01268000,53500929.97628320,0
2023-06-30 04:00:00,30745.06000000,31282.00000000,30690.30000000,30877.99000000,7181.39157000,2023-06-30 04:59:59.999,222844237.42993120,115496,3842.15304000,119182660.09127130,0
2023-06-30 05:00:00,30877.99000000,30997.41000000,30650.02000000,30736.63000000,4059.26673000,2023-06-30 05:59:59.999,125252243.25072600,68778,1967.81260000,60720654.23363800,0
2023-06-30 06:00:00,30736.64000000,30762.14000000,30610.01000000,30665.99000000,1686.01987000,2023-06-30 06:59:59.999,51712643.78352420,36691,762.35588000,23383491.29159960,0
2023-06-30 07:00:00,30666.00000000,30848.66000000,30658.00000000,30765.09000000,2381.78578000,2023-06-30 07:59:59.999,73224943.00570070,40959,1203.56703000,37004473.46948370,0
2023-06-30 08:00:00,30765.10000000,30906.80000000,30717.50000000,30854.00000000,2125.95842000,2023-06-30 08:59:59.999,65492363.34763190,46396,978.73674000,30153899.84542840,0
2023-06-30 09:00:00,30854.00000000,30854.00000000,30745.65000000,30768.83000000,1575.83550000,2023-06-30 09:59:59.999,48526975.64806780,38297,634.92816000,19551505.69760180,0
2023-06-30 10:00:00,30768.82000000,30868.19000000,30748.85000000,30811.52000000,1347.60722000,2023-06-30 10:59:59.999,41511771.06566120,38091,607.97604000,18726699.73755350,0
2023-06-30 11:00:00,30811.52000000,30963.20000000,30765.01000000,30910.01000000,1792.83315000,2023-06-30 11:59:59.999,55308412.15722920,34929,904.01731000,27896346.26496390,0
2023-06-30 12:00:00,30910.01000000,31137.36000000,30892.00000000,31010.11000000,4381.60466000,2023-06-30 12:59:59.999,135920332.75549580,69732,2293.52833000,71148343.39012670,0
2023-06-30 13:00:00,31010.11000000,31095.15000000,29500.00000000,30135.62000000,18824.06010000,2023-06-30 13:59:59.999,568592910.21738160,315432,8651.29424000,261380846.03137070,0
2023-06-30 14:00:00,30135.63000000,30312.98000000,29944.00000000,30092.50000000,9391.13573000,2023-06-30 14:59:59.999,283088658.83387400,127737,4466.48128000,134635940.44051830,0
2023-06-30 15:00:00,30092.49000000,30213.00000000,30000.00000000,30067.72000000,3739.87751000,2023-06-30 15:59:59.999,112508062.81214560,54642,1855.85122000,55835299.18613820,0
2023-06-30 16:00:00,30067.72000000,30529.39000000,29925.50000000,30400.53000000,6623.42035000,2023-06-30 16:59:59.999,200372807.52025650,99495,3525.77243000,106666049.10520570,0
2023-06-30 17:00:00,30400.54000000,30748.08000000,30376.59000000,30455.80000000,7105.03666000,2023-06-30 17:59:59.999,217051209.48968430,107308,3696.46528000,112929391.01548320,0
2023-06-30 18:00:00,30455.79000000,30536.01000000,30288.01000000,30359.99000000,3610.63430000,2023-06-30 18:59:59.999,109751794.92028650,62247,1766.47389000,53694758.66414620,0
2023-06-30 19:00:00,30359.99000000,30474.52000000,30329.24000000,30372.36000000,1503.93831000,2023-06-30 19:59:59.999,45727054.67779280,35011,764.24521000,23235772.62065510,0
2023-06-30 20:00:00,30372.37000000,30520.00000000,30366.95000000,30397.54000000,1602.03567000,2023-06-30 20:59:59.999,48759074.00265650,34062,751.37956000,22867142.92840440,0
2023-06-30 21:00:00,30397.54000000,30480.00000000,30340.46000000,30479.56000000,1011.13651000,2023-06-30 21:59:59.999,30760064.24812350,27820,515.13530000,15671980.40459440,0
2023-06-30 22:00:00,30479.57000000,30529.99000000,30461.39000000,30476.68000000,801.04760000,2023-06-30 22:59:59.999,24428895.51202950,22744,382.33959000,11659539.03415840,0
2023-06-30 23:00:00,30476.68000000,30544.44000000,30461.14000000,30472.00000000,760.58818000,2023-06-30 23:59:59.999,23193446.62871180,20749,391.29867000,11932721.98207080,0
2023-07-01 00:00:00,30471.99000000,30534.74000000,30420.00000000,30469.83000000,1244.96393000,2023-07-01 00:59:59.999,37961219.61571640,34431,583.42618000,17789578.92036380,0
2023-07-01 01:00:00,30469.82000000,30484.31000000,30380.51000000,30447.78000000,1182.24313000,2023-07-01 01:59:59.999,35985825.23211230,36840,548.10204000,16683160.23853480,0
2023-07-01 02:00:00,30447.77000000,30530.64000000,30390.33000000,30420.85000000,871.56148000,2023-07-01 02:59:59.999,26541828.79501620,25121,439.93886000,13397033.94765300,0
2023-07-01 03:00:00,30420.84000000,30444.00000000,30375.85000000,30398.01000000,709.27222000,2023-07-01 03:59:59.999,21566908.81999390,17815,248.73089000,7562857.05675480,0
2023-07-01 04:00:00,30398.02000000,30417.62000000,30320.57000000,30389.15000000,1296.90923000,2023-07-01 04:59:59.999,39386324.21710850,28893,529.70642000,16086176.90643960,0
2023-07-01 05:00:00,30389.16000000,30430.00000000,30389.15000000,30429.36000000,552.16204000,2023-07-01 05:59:59.999,16791076.43606140,16279,299.46401000,9106375.70611050,0
2023-07-01 06:00:00,30429.36000000,30472.69000000,30402.08000000,30450.26000000,793.49398000,2023-07-01 06:59:59.999,24148622.97753600,19970,312.12760000,9498778.83995340,0
2023-07-01 07:00:00,30450.27000000,30460.00000000,30408.04000000,30459.88000000,642.95309000,2023-07-01 07:59:59.999,19568967.04558990,22806,324.66128000,9881202.20444220,0
2023-07-01 08:00:00,30459.87000000,30472.22000000,30420.77000000,30441.70000000,635.03827000,2023-07-01 08:59:59.999,19336193.01094030,22488,286.96415000,8737949.02365190,0
2023-07-01 09:00:00,30441.71000000,30465.87000000,30434.21000000,30441.23000000,532.45943000,2023-07-01 09:59:59.999,16213328.47617510,18464,150.56611000,4584702.04634900,0
2023-07-01 10:00:00,30441.23000000,30491.88000000,30429.84000000,30469.98000000,705.69164000,2023-07-01 10:59:59.999,21499857.83298930,24659,294.97755000,8986803.81803850,0
2023-07-01 11:00:00,30469.98000000,30600.00000000,30469.97000000,30523.02000000,902.55496000,2023-07-01 11:59:59.999,27549089.91592000,28743,449.66194000,13726288.49835050,0
2023-07-01 12:00:00,30523.02000000,30635.51000000,30503.94000000,30564.01000000,1072.75591000,2023-07-01 12:59:59.999,32801098.55345590,31996,503.64219000,15398865.29426800,0
2023-07-01 13:00:00,30564.00000000,30639.01000000,30539.59000000,30565.26000000,972.95195000,2023-07-01 13:59:59.999,29751286.53044690,31152,458.05640000,14006767.37723680,0
2023-07-01 14:00:00,30565.26000000,30617.45000000,30531.22000000,30608.52000000,828.04518000,2023-07-01 14:59:59.999,25317342.40216870,28720,425.72566000,13016013.14302970,0
2023-07-01 15:00:00,30608.52000000,30661.60000000,30541.17000000,30572.58000000,927.53367000,2023-07-01 15:59:59.999,28376813.09989550,28397,503.36639000,15400340.97965740,0
2023-07-01 16:00:00,30572.59000000,30600.00000000,30543.99000000,30572.00000000,707.56992000,2023-07-01 16:59:59.999,21627528.28373780,26877,359.05241000,10974894.84394520,0
2023-07-01 17:00:00,30572.00000000,30593.38000000,30550.00000000,30573.86000000,543.45309000,2023-07-01 17:59:59.999,16617710.39520910,23535,286.52569000,8761405.62530270,0
2023-07-01 18:00:00,30573.85000000,30611.88000000,30568.32000000,30608.87000000,355.70229000,2023-07-01 18:59:59.999,10881377.03706910,20399,197.62464000,6045706.95499080,0
2023-07-01 19:00:00,30608.86000000,30633.92000000,30596.97000000,30609.51000000,633.69560000,2023-07-01 19:59:59.999,19399651.69536890,19730,308.19370000,9435306.01254140,0
2023-07-01 20:00:00,30609.51000000,30612.68000000,30579.96000000,30582.58000000,359.54499000,2023-07-01 20:59:59.999,11001462.42453930,15091,146.96456000,4496887.28862000,0
2023-07-01 21:00:00,30582.59000000,30603.81000000,30570.01000000,30584.65000000,299.67901000,2023-07-01 21:59:59.999,9165200.90742620,14571,123.67822000,3782365.84907730,0
2023-07-01 22:00:00,30584.66000000,30606.88000000,30548.88000000,30577.64000000,392.93086000,2023-07-01 22:59:59.999,12016865.51067120,14664,172.77835000,5283986.77896740,0
2023-07-01 23:00:00,30577.65000000,30598.00000000,30561.14000000,30585.90000000,338.58488000,2023-07-01 23:59:59.999,10353758.91739040,16334,148.20352000,4531701.59648730,0
2023-07-02 00:00:00,30585.90000000,30649.99000000,30548.00000000,30575.77000000,816.85629000,2023-07-02 00:59:59.999,24985816.99679940,28540,376.16487000,11506254.40936970,0
2023-07-02 01:00:00,30575.77000000,30600.00000000,30551.71000000,30567.56000000,554.71890000,2023-07-02 01:59:59.999,16958416.71274400,17008,246.74323000,7543093.20774970,0
2023-07-02 02:00:00,30567.57000000,30613.70000000,30463.16000000,30542.00000000,1062.94112000,2023-07-02 02:59:59.999,32479384.37089720,29013,463.01070000,14146054.86895410,0
2023-07-02 03:00:00,30542.00000000,30552.00000000,30476.11000000,30509.31000000,776.88502000,2023-07-02 03:59:59.999,23711922.04935730,25289,349.23872000,10659141.89224710,0
2023-07-02 04:00:00,30509.30000000,30539.27000000,30476.00000000,30527.67000000,702.28926000,2023-07-02 04:59:59.999,21428810.90593950,20693,292.20657000,8915656.98228050,0
2023-07-02 05:00:00,30527.67000000,30553.17000000,30481.27000000,30481.27000000,605.65939000,2023-07-02 05:59:59.999,18480810.32279660,19157,189.46047000,5781245.50197730,0
2023-07-02 06:00:00,30481.27000000,30515.22000000,30470.01000000,30480.00000000,571.66160000,2023-07-02 06:59:59.999,17432638.83214500,17279,215.55838000,6573507.90427850,0
2023-07-02 07:00:00,30479.99000000,30517.86000000,30479.99000000,30513.01000000,420.81649000,2023-07-02 07:59:59.999,12835321.79797200,17704,206.36941000,6294513.96446910,0
2023-07-02 08:00:00,30513.01000000,30552.00000000,30484.00000000,30484.01000000,541.41677000,2023-07-02 08:59:59.999,16521599.41141940,17807,221.82069000,6769046.14360890,0
2023-07-02 09:00:00,30484.01000000,30547.44000000,30484.00000000,30516.81000000,449.57026000,2023-07-02 09:59:59.999,13723594.11951100,16307,194.10669000,5925161.47147840,0
2023-07-02 10:00:00,30516.81000000,30537.05000000,30505.18000000,30509.99000000,520.60631000,2023-07-02 10:59:59.999,15888992.23667640,17280,217.16299000,6627476.22313890,0
2023-07-02 11:00:00,30509.99000000,30544.74000000,30505.18000000,30544.74000000,404.12800000,2023-07-02 11:59:59.999,12335757.48531930,15260,198.04130000,6045315.38529120,0
2023-07-02 12:00:00,30544.74000000,30574.75000000,30504.00000000,30525.99000000,494.33008000,2023-07-02 12:59:59.999,15100046.86518770,19312,191.36858000,5845422.19839830,0
2023-07-02 13:00:00,30525.99000000,30531.20000000,30493.61000000,30517.96000000,647.14726000,2023-07-02 13:59:59.999,19747677.01195620,20448,289.82748000,8843836.93092000,0
2023-07-02 14:00:00,30517.95000000,30628.00000000,30488.28000000,30590.23000000,1134.65576000,2023-07-02 14:59:59.999,34666018.70975130,29490,520.23091000,15894480.03278360,0
2023-07-02 15:00:00,30590.22000000,30613.21000000,30155.00000000,30498.01000000,3465.51491000,2023-07-02 15:59:59.999,105334300.79318460,69948,1562.06140000,47470692.98055720,0
2023-07-02 16:00:00,30498.00000000,30693.14000000,30478.32000000,30561.58000000,1703.07108000,2023-07-02 16:59:59.999,52083300.76156910,35697,749.74269000,22930063.37270250,0
2023-07-02 17:00:00,30561.57000000,30580.85000000,30424.92000000,30441.20000000,912.06707000,2023-07-02 17:59:59.999,27827954.37176640,23720,375.27269000,11449557.39912860,0
2023-07-02 18:00:00,30441.20000000,30525.69000000,30366.65000000,30523.07000000,1004.28492000,2023-07-02 18:59:59.999,30583420.31667140,23468,490.57220000,14942811.99113470,0
2023-07-02 19:00:00,30523.07000000,30559.90000000,30518.69000000,30557.74000000,385.60898000,2023-07-02 19:59:59.999,11777452.35921860,13424,148.28791000,4528791.45746220,0
2023-07-02 20:00:00,30557.74000000,30621.11000000,30497.30000000,30588.47000000,563.15915000,2023-07-02 20:59:59.999,17213909.94472340,17116,240.11795000,7341012.06104740,0
2023-07-02 21:00:00,30588.46000000,30614.00000000,30500.00000000,30557.44000000,868.80118000,2023-07-02 21:59:59.999,26567441.86741650,17155,414.67760000,12681775.84485950,0
2023-07-02 22:00:00,30557.44000000,30791.00000000,30425.47000000,30651.29000000,3585.26104000,2023-07-02 22:59:59.999,109844431.36125330,59013,1938.19643000,59379767.60310380,0
2023-07-02 23:00:00,30651.28000000,30658.21000000,30554.22000000,30617.03000000,1094.95935000,2023-07-02 23:59:59.999,33502403.82916690,21405,540.00754000,16521352.13122720,0
2023-07-03 00:00:00,30617.02000000,30688.75000000,30587.77000000,30637.99000000,858.91789000,2023-07-03 00:59:59.999,26309184.84185510,21792,442.68268000,13558746.39973220,0
2023-07-03 01:00:00,30637.98000000,30756.50000000,30634.98000000,30660.86000000,780.93490000,2023-07-03 01:59:59.999,23962118.40744070,22493,349.31427000,10719497.56281930,0
2023-07-03 02:00:00,30660.86000000,30783.44000000,30660.86000000,30755.00000000,1124.29728000,2023-07-03 02:59:59.999,34563597.85071430,25059,599.31921000,18423711.84703170,0
2023-07-03 03:00:00,30754.99000000,30800.01000000,30750.46000000,30756.65000000,853.50208000,2023-07-03 03:59:59.999,26264718.47240390,20240,477.58835000,14696985.21159490,0
2023-07-03 04:00:00,30756.65000000,30795.80000000,30668.00000000,30679.99000000,1151.41686000,2023-07-03 04:59:59.999,35379312.70450390,23004,543.45650000,16699437.51996640,0
2023-07-03 05:00:00,30679.99000000,30704.30000000,30666.52000000,30673.62000000,582.41142000,2023-07-03 05:59:59.999,17871392.22175390,16671,237.51578000,7288325.71964990,0
2023-07-03 06:00:00,30673.61000000,30678.41000000,30606.00000000,30651.25000000,1036.52235000,2023-07-03 06:59:59.999,31769199.08616890,22776,314.50268000,9639072.89671670,0
2023-07-03 07:00:00,30651.25000000,30759.80000000,30636.65000000,30667.19000000,1758.79639000,2023-07-03 07:59:59.999,53987140.81516300,30457,797.42177000,24480783.90017910,0
2023-07-03 08:00:00,30667.19000000,30700.92000000,30599.07000000,30640.12000000,1390.90901000,2023-07-03 08:59:59.999,42629192.71382990,28385,522.06202000,16001313.69692020,0
2023-07-03 09:00:00,30640.11000000,30670.00000000,30602.29000000,30610.61000000,833.62001000,2023-07-03 09:59:59.999,25549468.86216100,20769,307.49710000,9424565.56802960,0
2023-07-03 10:00:00,30610.60000000,30670.05000000,30583.01000000,30640.09000000,1260.59208000,2023-07-03 10:59:59.999,38614234.88217270,25253,559.78630000,17146669.48947610,0
2023-07-03 11:00:00,30640.09000000,30676.74000000,30600.01000000,30625.22000000,2166.20160000,2023-07-03 11:59:59.999,66375159.47227910,24665,1022.17484000,31321429.64938700,0
2023-07-03 12:00:00,30625.22000000,30662.44000000,30570.27000000,30653.06000000,1516.36407000,2023-07-03 12:59:59.999,46421787.73290870,28176,794.82977000,24334204.68799290,0
2023-07-03 13:00:00,30653.06000000,30696.83000000,30614.07000000,30653.84000000,1223.11869000,2023-07-03 13:59:59.999,37489964.45781720,27900,632.36581000,19382523.51076430,0
2023-07-03 14:00:00,30653.83000000,30755.00000000,30653.29000000,30736.27000000,1500.49084000,2023-07-03 14:59:59.999,46065811.96100370,35372,703.37754000,21591726.46163920,0
2023-07-03 15:00:00,30736.28000000,31170.00000000,30736.27000000,31068.64000000,7266.78953000,2023-07-03 15:59:59.999,225166082.31214450,97294,3818.08395000,118309854.47504000,0
2023-07-03 16:00:00,31068.64000000,31127.76000000,30800.80000000,31042.22000000,3787.09282000,2023-07-03 16:59:59.999,117348765.57737050,58445,1765.40123000,54708466.27332240,0
2023-07-03 17:00:00,31042.21000000,31057.86000000,30915.29000000,31000.98000000,1942.13434000,2023-07-03 17:59:59.999,60190525.16923600,34470,826.00323000,25597637.30569330,0
2023-07-03 18:00:00,31000.98000000,31250.29000000,30995.77000000,31199.14000000,2685.64661000,2023-07-03 18:59:59.999,83593661.72109210,45457,1415.48588000,44061898.93852170,0
2023-07-03 19:00:00,31199.13000000,31380.00000000,31126.00000000,31255.84000000,4081.81621000,2023-07-03 19:59:59.999,127621496.72484260,61310,2019.03545000,63124366.77296840,0
2023-07-03 20:00:00,31255.83000000,31299.16000000,31107.20000000,31121.18000000,2019.53291000,2023-07-03 20:59:59.999,63017862.60532280,32597,852.16441000,26589217.17708710,0
2023-07-03 21:00:00,31121.18000000,31132.00000000,30900.00000000,31050.23000000,2151.49223000,2023-07-03 21:59:59.999,66780794.30864450,40342,1001.44385000,31083132.37717900,0
2023-07-03 22:00:00,31050.22000000,31146.43000000,31040.90000000,31120.69000000,832.04705000,2023-07-03 22:59:59.999,25878655.27050080,19411,422.65339000,13143096.62845060,0
2023-07-03 23:00:00,31120.70000000,31157.89000000,31083.91000000,31156.20000000,956.99594000,2023-07-03 23:59:59.999,29785211.33306370,19517,461.77730000,14372071.30718740,0
2023-07-04 00:00:00,31156.20000000,31187.74000000,31096.48000000,31112.86000000,908.49357000,2023-07-04 00:59:59.999,28291872.71885770,24289,395.51613000,12316348.44582910,0
2023-07-04 01:00:00,31112.86000000,31350.69000000,31108.56000000,31288.80000000,2764.37214000,2023-07-04 01:59:59.999,86356618.59402120,43774,1360.58808000,42495822.56508630,0
2023-07-04 02:00:00,31288.80000000,31325.76000000,31200.00000000,31259.77000000,1273.70220000,2023-07-04 02:59:59.999,39814060.07915050,25822,602.18512000,18823508.58022710,0
2023-07-04 03:00:00,31259.77000000,31263.54000000,31179.09000000,31195.69000000,969.03240000,2023-07-04 03:59:59.999,30256802.51437570,24556,367.90129000,11487690.71348840,0
2023-07-04 04:00:00,31195.68000000,31212.26000000,31000.00000000,31058.00000000,1474.18787000,2023-07-04 04:59:59.999,45838540.00446300,37441,628.57250000,19545505.28837690,0
2023-07-04 05:00:00,31058.01000000,31090.90000000,30972.69000000,30972.70000000,1164.20649000,2023-07-04 05:59:59.999,36133460.02297210,30625,461.22604000,14314486.84183040,0
2023-07-04 06:00:00,30972.70000000,31052.91000000,30879.29000000,30999.55000000,2643.33718000,2023-07-04 06:59:59.999,81827606.34799850,45930,946.10408000,29296060.16552680,0
2023-07-04 07:00:00,30999.55000000,31032.35000000,30900.48000000,30911.41000000,942.33346000,2023-07-04 07:59:59.999,29186134.77036170,25771,399.92566000,12386095.99235760,0
2023-07-04 08:00:00,30911.40000000,30976.42000000,30902.01000000,30930.76000000,1073.07854000,2023-07-04 08:59:59.999,33202718.37407690,24215,526.19153000,16280599.39967680,0
2023-07-04 09:00:00,30930.75000000,31045.00000000,30867.68000000,31016.91000000,1326.00863000,2023-07-04 09:59:59.999,41073817.42514960,33720,624.77812000,19351591.98460010,0
2023-07-04 10:00:00,31016.92000000,31051.92000000,30946.00000000,31025.64000000,1016.22824000,2023-07-04 10:59:59.999,31513952.57516340,27279,461.77166000,14319649.90194520,0
2023-07-04 11:00:00,31025.63000000,31080.00000000,31000.73000000,31067.99000000,864.58983000,2023-07-04 11:59:59.999,26835153.35601900,24979,390.05762000,12106329.67362920,0
2023-07-04 12:00:00,31067.99000000,31080.00000000,31014.90000000,31044.90000000,850.06645000,2023-07-04 12:59:59.999,26389515.30422620,24626,412.20752000,12795425.97666410,0
2023-07-04 13:00:00,31044.90000000,31055.43000000,30979.00000000,30999.55000000,1111.08203000,2023-07-04 13:59:59.999,34465899.64672700,29030,396.33750000,12294274.56017140,0
2023-07-04 14:00:00,30999.54000000,31046.00000000,30951.54000000,30972.40000000,1154.36938000,2023-07-04 14:59:59.999,35786141.34019960,27921,371.26267000,11509885.07625310,0
2023-07-04 15:00:00,30972.40000000,31011.98000000,30886.00000000,30964.37000000,2002.03150000,2023-07-04 15:59:59.999,61958358.93962500,41184,762.49164000,23598167.46206420,0
2023-07-04 16:00:00,30964.38000000,31130.00000000,30807.00000000,30960.29000000,2546.46728000,2023-07-04 16:59:59.999,78889397.67968280,59227,1145.78607000,35498627.97852620,0
2023-07-04 17:00:00,30960.30000000,30987.66000000,30867.50000000,30900.01000000,1653.76045000,2023-07-04 17:59:59.999,51138035.49459830,38341,690.71367000,21357604.50535600,0
2023-07-04 18:00:00,30900.01000000,30934.92000000,30839.00000000,30902.00000000,1032.09168000,2023-07-04 18:59:59.999,31881860.70534110,29283,411.24125000,12704077.40369280,0
2023-07-04 19:00:00,30902.00000000,30913.31000000,30620.00000000,30696.84000000,3462.69284000,2023-07-04 19:59:59.999,106434586.08552870,79868,1449.83349000,44556360.71882700,0
2023-07-04 20:00:00,30696.84000000,30808.49000000,30668.50000000,30797.13000000,1205.90840000,2023-07-04 20:59:59.999,37070992.37185170,29369,581.06359000,17864008.28739660,0
2023-07-04 21:00:00,30797.13000000,30822.85000000,30754.79000000,30803.72000000,724.61867000,2023-07-04 21:59:59.999,22311797.04465670,19717,257.57677000,7931367.63726980,0
2023-07-04 22:00:00,30803.72000000,30822.58000000,30766.26000000,30820.01000000,579.48355000,2023-07-04 22:59:59.999,17842406.10876730,16579,248.45485000,7650399.03042670,0
2023-07-04 23:00:00,30820.01000000,30843.73000000,30760.35000000,30766.51000000,463.97665000,2023-07-04 23:59:59.999,14294281.02070750,15926,215.57881000,6642265.89490070,0
2023-07-05 00:00:00,30766.52000000,30843.31000000,30752.00000000,30762.27000000,850.91505000,2023-07-05 00:59:59.999,26200662.30779130,22536,333.20178000,10261134.29051980,0
2023-07-05 01:00:00,30762.27000000,30842.64000000,30753.99000000,30795.93000000,518.71143000,2023-07-05 01:59:59.999,15982591.79299590,15845,224.77153000,6924683.67735350,0
2023-07-05 02:00:00,30795.92000000,30866.00000000,30794.05000000,30837.99000000,799.08777000,2023-07-05 02:59:59.999,24641366.97182260,17399,340.62748000,10504221.49011430,0
2023-07-05 03:00:00,30838.00000000,30878.07000000,30823.83000000,30868.71000000,669.47781000,2023-07-05 03:59:59.999,20652814.27169790,15846,255.15431000,7871155.01514360,0
2023-07-05 04:00:00,30868.71000000,30869.41000000,30817.91000000,30834.86000000,601.58084000,2023-07-05 04:59:59.999,18552841.83403740,16347,224.81757000,6933337.42431310,0
2023-07-05 05:00:00,30834.87000000,30869.57000000,30794.18000000,30814.08000000,769.30642000,2023-07-05 05:59:59.999,23726244.90862200,19041,385.40455000,11887088.02101380,0
2023-07-05 06:00:00,30814.08000000,30832.96000000,30762.00000000,30810.72000000,785.96495000,2023-07-05 06:59:59.999,24208141.58733820,20685,299.49519000,9225152.02735470,0
2023-07-05 07:00:00,30810.72000000,30815.00000000,30764.12000000,30774.25000000,621.56546000,2023-07-05 07:59:59.999,19134247.13691560,20813,227.32779000,6998249.00118370,0
2023-07-05 08:00:00,30774.24000000,30810.34000000,30650.47000000,30764.29000000,1615.45622000,2023-07-05 08:59:59.999,49664041.43358290,39279,727.77228000,22374509.45069400,0
2023-07-05 09:00:00,30764.29000000,30775.59000000,30678.00000000,30680.00000000,967.25713000,2023-07-05 09:59:59.999,29721880.45221830,29130,387.68919000,11913952.88582450,0
2023-07-05 10:00:00,30680.00000000,30715.00000000,30392.06000000,30430.21000000,4235.03952000,2023-07-05 10:59:59.999,129405498.59121220,93619,1804.23124000,55133647.59950150,0
2023-07-05 11:00:00,30430.21000000,30489.99000000,30350.00000000,30404.30000000,2318.39279000,2023-07-05 11:59:59.999,70552048.10416290,55541,1085.94845000,33048676.81902460,0
2023-07-05 12:00:00,30404.31000000,30436.00000000,30268.97000000,30321.22000000,2624.98956000,2023-07-05 12:59:59.999,79716929.78232470,63246,1088.59252000,33061372.42666680,0
2023-07-05 13:00:00,30321.21000000,30380.00000000,30200.00000000,30357.31000000,3027.03931000,2023-07-05 13:59:59.999,91685971.18364850,71678,1529.53845000,46335227.97711160,0
2023-07-05 14:00:00,30357.31000000,30452.00000000,30334.01000000,30417.65000000,2095.47385000,2023-07-05 14:59:59.999,63715296.26939820,43861,1386.42366000,42158979.79727600,0
2023-07-05 15:00:00,30417.65000000,30422.45000000,30237.35000000,30356.11000000,2677.17694000,2023-07-05 15:59:59.999,81202600.00484770,61197,1381.55377000,41906872.60704570,0
2023-07-05 16:00:00,30356.11000000,30474.17000000,30333.70000000,30462.60000000,1202.84366000,2023-07-05 16:59:59.999,36581597.56798100,34966,661.43857000,20116430.11513510,0
2023-07-05 17:00:00,30462.60000000,30581.32000000,30448.91000000,30523.21000000,1429.45379000,2023-07-05 17:59:59.999,43614472.99019410,35441,746.71433000,22783212.39225630,0
2023-07-05 18:00:00,30523.22000000,30591.57000000,30436.22000000,30505.52000000,1328.38706000,2023-07-05 18:59:59.999,40526977.62455700,32973,544.05943000,16598551.84982240,0
2023-07-05 19:00:00,30505.51000000,30531.95000000,30425.09000000,30431.95000000,675.04033000,2023-07-05 19:59:59.999,20584116.20009360,24656,270.33363000,8242302.64970150,0
2023-07-05 20:00:00,30431.95000000,30497.72000000,30383.83000000,30460.29000000,827.90729000,2023-07-05 20:59:59.999,25210204.15460830,24241,408.91165000,12451368.75197650,0
2023-07-05 21:00:00,30460.28000000,30493.45000000,30417.63000000,30469.99000000,707.65135000,2023-07-05 21:59:59.999,21551794.81179440,21762,318.00308000,9685820.81450640,0
2023-07-05 22:00:00,30469.99000000,30505.01000000,30396.04000000,30436.92000000,899.97231000,2023-07-05 22:59:59.999,27398451.96355060,22604,482.77457000,14695379.10475450,0
2023-07-05 23:00:00,30436.92000000,30539.13000000,30389.96000000,30504.81000000,966.98038000,2023-07-05 23:59:59.999,29463998.37165480,25220,504.33214000,15366928.75511940,0
2023-07-06 00:00:00,30504.80000000,30531.25000000,30390.00000000,30413.10000000,810.40827000,2023-07-06 00:59:59.999,24683053.86951660,26616,359.09510000,10938419.25631770,0
2023-07-06 01:00:00,30413.10000000,30479.71000000,30327.00000000,30476.71000000,698.56646000,2023-07-06 01:59:59.999,21238007.27012990,25680,383.76878000,11668689.08131160,0
2023-07-06 02:00:00,30476.71000000,30560.51000000,30458.08000000,30471.65000000,857.28839000,2023-07-06 02:59:59.999,26149743.51913660,27637,447.86994000,13661396.60360570,0
2023-07-06 03:00:00,30471.66000000,30525.01000000,30465.10000000,30490.85000000,498.91792000,2023-07-06 03:59:59.999,15216345.53611990,17691,200.71538000,6121215.62397820,0
2023-07-06 04:00:00,30490.85000000,30539.65000000,30450.00000000,30465.40000000,736.27772000,2023-07-06 04:59:59.999,22452557.65083220,20242,335.01581000,10216420.19702630,0
2023-07-06 05:00:00,30465.40000000,30630.00000000,30438.26000000,30582.51000000,1075.87431000,2023-07-06 05:59:59.999,32861347.68201600,33217,586.83279000,17924544.70388220,0
2023-07-06 06:00:00,30582.50000000,30730.00000000,30560.00000000,30692.56000000,1813.79996000,2023-07-06 06:59:59.999,55590751.38425570,39597,949.21745000,29094118.04462630,0
2023-07-06 07:00:00,30692.57000000,30857.89000000,30688.21000000,30803.19000000,2450.81148000,2023-07-06 07:59:59.999,75438172.54300430,49510,1321.52928000,40675807.35534850,0
2023-07-06 08:00:00,30803.20000000,31359.78000000,30783.58000000,31329.97000000,5956.58268000,2023-07-06 08:59:59.999,185335582.30850490,105095,3299.54859000,102648129.61037660,0
2023-07-06 09:00:00,31329.98000000,31500.00000000,31029.01000000,31069.60000000,7976.27859000,2023-07-06 09:59:59.999,249928386.03851870,140488,3985.06777000,124867719.06883340,0
2023-07-06 10:00:00,31069.60000000,31273.60000000,31064.67000000,31231.64000000,2405.12580000,2023-07-06 10:59:59.999,74911691.74017120,47966,1147.46159000,35738918.34582750,0
2023-07-06 11:00:00,31231.64000000,31266.50000000,30701.00000000,30846.55000000,4145.85706000,2023-07-06 11:59:59.999,128506549.19526360,71083,1769.98554000,54852395.95604300,0
2023-07-06 12:00:00,30846.55000000,30887.10000000,30500.00000000,30600.31000000,6131.34546000,2023-07-06 12:59:59.999,188076509.34697340,106916,2666.29779000,81787553.19389260,0
2023-07-06 13:00:00,30600.30000000,30661.35000000,30310.00000000,30373.47000000,4716.80774000,2023-07-06 13:59:59.999,143909581.62146970,72429,1951.92859000,59558272.05143180,0
2023-07-06 14:00:00,30373.48000000,30438.20000000,29888.00000000,30214.35000000,11391.21086000,2023-07-06 14:59:59.999,343333446.24703010,168817,5110.39792000,153999387.92315070,0
2023-07-06 15:00:00,30214.34000000,30494.00000000,30077.06000000,30407.01000000,4872.94982000,2023-07-06 15:59:59.999,147596649.65793590,96409,2556.69538000,77453496.00742540,0
2023-07-06 16:00:00,30407.00000000,30464.13000000,30157.41000000,30313.99000000,3622.50304000,2023-07-06 16:59:59.999,109895934.13751650,66799,1671.45118000,50708678.27329090,0
2023-07-06 17:00:00,30313.98000000,30350.37000000,30205.17000000,30294.86000000,1370.85523000,2023-07-06 17:59:59.999,41503957.67682960,34839,641.24176000,19415232.01640890,0
2023-07-06 18:00:00,30294.85000000,30392.24000000,30210.00000000,30378.01000000,1458.84879000,2023-07-06 18:59:59.999,44185669.95428710,35754,809.24471000,24509740.14948520,0
2023-07-06 19:00:00,30378.02000000,30378.02000000,30254.52000000,30309.88000000,1181.27247000,2023-07-06 19:59:59.999,35793195.03410580,32012,590.07666000,17879491.04769560,0
2023-07-06 20:00:00,30309.88000000,30343.24000000,30250.00000000,30315.16000000,795.06741000,2023-07-06 20:59:59.999,24081505.13085380,23376,372.11548000,11270200.03353770,0
2023-07-06 21:00:00,30315.16000000,30345.18000000,30177.77000000,30224.72000000,1151.52887000,2023-07-06 21:59:59.999,34830797.67418680,33638,551.28562000,16675605.84061300,0
2023-07-06 22:00:00,30224.73000000,30267.77000000,30104.58000000,30167.30000000,1252.87602000,2023-07-06 22:59:59.999,37829576.92829240,31379,603.63925000,18227175.30961190,0
2023-07-06 23:00:00,30167.31000000,30167.31000000,29850.45000000,29895.43000000,3948.57175000,2023-07-06 23:59:59.999,118414636.84831890,89852,1642.15001000,49244529.59983030,0
2023-07-07 00:00:00,29895.42000000,30104.22000000,29701.02000000,30052.60000000,4705.09225000,2023-07-07 00:59:59.999,140664637.91327950,100753,2015.80230000,60270374.32428520,0
2023-07-07 01:00:00,30052.59000000,30119.06000000,29962.45000000,30086.00000000,1568.72833000,2023-07-07 01:59:59.999,47157734.86394570,40951,669.74975000,20129629.02945310,0
2023-07-07 02:00:00,30085.99000000,30143.40000000,30054.74000000,30102.98000000,1406.51953000,2023-07-07 02:59:59.999,42332873.90082440,35785,625.21043000,18819086.04047910,0
2023-07-07 03:00:00,30102.98000000,30165.64000000,30062.17000000,30135.40000000,1209.27662000,2023-07-07 03:59:59.999,36417072.90614990,31542,425.24652000,12806254.88650850,0
2023-07-07 04:00:00,30135.41000000,30173.37000000,30076.61000000,30087.81000000,949.09003000,2023-07-07 04:59:59.999,28583094.71042430,30749,304.82811000,9179928.42551200,0
2023-07-07 05:00:00,30087.80000000,30300.00000000,30057.20000000,30208.40000000,1658.54406000,2023-07-07 05:59:59.999,50084055.27284630,48445,754.97879000,22796790.45200470,0
2023-07-07 06:00:00,30208.40000000,30240.01000000,30100.00000000,30117.00000000,1228.13008000,2023-07-07 06:59:59.999,37043772.34500290,37238,416.82665000,12569465.25534740,0
2023-07-07 07:00:00,30117.00000000,30138.89000000,29930.53000000,30007.40000000,1769.52389000,2023-07-07 07:59:59.999,53191504.99111580,48011,740.15522000,22243911.37129090,0
2023-07-07 08:00:00,30007.41000000,30109.00000000,29970.00000000,30055.41000000,1108.46200000,2023-07-07 08:59:59.999,33309047.68045970,36130,504.35647000,15155654.68490070,0
2023-07-07 09:00:00,30055.41000000,30187.27000000,30055.40000000,30138.79000000,930.64995000,2023-07-07 09:59:59.999,28039584.17691760,29865,456.35751000,13748545.78859850,0
2023-07-07 10:00:00,30138.79000000,30168.75000000,30088.99000000,30165.88000000,1276.33238000,2023-07-07 10:59:59.999,38453589.12305730,26711,656.38733000,19774535.49571860,0
2023-07-07 11:00:00,30165.88000000,30199.00000000,30100.00000000,30118.70000000,952.53115000,2023-07-07 11:59:59.999,28722147.59894450,27982,378.93091000,11424720.79699480,0
2023-07-07 12:00:00,30118.70000000,30350.00000000,30041.05000000,30203.98000000,3509.52916000,2023-07-07 12:59:59.999,105973857.31172130,79557,1707.36824000,51567636.32747540,0
2023-07-07 13:00:00,30203.99000000,30388.00000000,30127.83000000,30385.39000000,1938.30248000,2023-07-07 13:59:59.999,58664029.98944740,51237,1000.10023000,30270297.20091110,0
2023-07-07 14:00:00,30385.40000000,30443.75000000,30263.97000000,30411.49000000,2317.85096000,2023-07-07 14:59:59.999,70356050.12909760,59280,1029.81872000,31262638.80604470,0
2023-07-07 15:00:00,30411.49000000,30425.69000000,30312.45000000,30390.83000000,1212.53695000,2023-07-07 15:59:59.999,36817825.69990760,36665,473.51482000,14378430.58357030,0
2023-07-07 16:00:00,30390.83000000,30449.00000000,30316.32000000,30354.85000000,1187.85085000,2023-07-07 16:59:59.999,36075020.34967300,34434,509.13055000,15463209.41402250,0
2023-07-07 17:00:00,30354.85000000,30365.10000000,30186.39000000,30238.46000000,1114.38977000,2023-07-07 17:59:59.999,33739971.33919450,33018,442.76958000,13403750.07130090,0
2023-07-07 18:00:00,30238.47000000,30249.99000000,30116.00000000,30166.32000000,945.79343000,2023-07-07 18:59:59.999,28561853.53158710,28345,414.80613000,12526408.58885040,0
2023-07-07 19:00:00,30166.32000000,30250.01000000,30135.38000000,30246.20000000,781.25677000,2023-07-07 19:59:59.999,23593988.63719930,23275,384.52398000,11613332.39926360,0
2023-07-07 20:00:00,30246.21000000,30300.00000000,30214.16000000,30264.12000000,664.85374000,2023-07-07 20:59:59.999,20111410.05832090,20598,278.55294000,8426649.97153320,0
2023-07-07 21:00:00,30264.12000000,30344.02000000,30264.12000000,30289.64000000,608.50192000,2023-07-07 21:59:59.999,18440779.53296520,20314,260.82326000,7903797.34316170,0
2023-07-07 22:00:00,30289.63000000,30344.85000000,30283.80000000,30304.08000000,582.90433000,2023-07-07 22:59:59.999,17668314.34776240,16749,202.37816000,6134274.93831400,0
2023-07-07 23:00:00,30304.08000000,30346.06000000,30285.00000000,30344.70000000,443.88832000,2023-07-07 23:59:59.999,13459578.82336490,15314,223.24649000,6769439.18835040,0
2023-07-08 00:00:00,30344.70000000,30344.71000000,30275.00000000,30286.29000000,526.47425000,2023-07-08 00:59:59.999,15956562.61202980,19124,221.92020000,6725749.90358130,0
2023-07-08 01:00:00,30286.30000000,30304.60000000,30257.07000000,30304.58000000,435.02353000,2023-07-08 01:59:59.999,13173174.98899050,19194,227.85680000,6900254.02388170,0
2023-07-08 02:00:00,30304.59000000,30386.81000000,30281.30000000,30355.42000000,685.72750000,2023-07-08 02:59:59.999,20796958.74915530,19439,404.10823000,12256972.75747660,0
2023-07-08 03:00:00,30355.42000000,30358.72000000,30272.35000000,30274.83000000,385.90795000,2023-07-08 03:59:59.999,11696144.46989970,14567,149.20220000,4522402.80271460,0
2023-07-08 04:00:00,30274.82000000,30279.19000000,30224.30000000,30235.89000000,591.35515000,2023-07-08 04:59:59.999,17887826.57282030,17279,244.54418000,7396765.67545240,0
2023-07-08 05:00:00,30235.89000000,30241.16000000,30183.39000000,30239.49000000,665.06514000,2023-07-08 05:59:59.999,20095143.23266390,19856,230.24024000,6956736.97987290,0
2023-07-08 06:00:00,30239.50000000,30254.73000000,30145.21000000,30176.71000000,583.08358000,2023-07-08 06:59:59.999,17608836.91400990,24176,228.28610000,6893637.87039670,0
2023-07-08 07:00:00,30176.71000000,30220.05000000,30170.00000000,30193.36000000,489.82024000,2023-07-08 07:59:59.999,14791938.54488160,18265,210.96563000,6370487.04194010,0
2023-07-08 08:00:00,30193.36000000,30313.98000000,30190.19000000,30276.01000000,832.82733000,2023-07-08 08:59:59.999,25201274.94466240,25603,523.87886000,15852470.54885100,0
2023-07-08 09:00:00,30276.02000000,30280.00000000,30225.17000000,30248.72000000,416.64168000,2023-07-08 09:59:59.999,12604862.60508240,18393,203.30285000,6150030.26277910,0
2023-07-08 10:00:00,30248.71000000,30253.52000000,30222.79000000,30222.80000000,288.42632000,2023-07-08 10:59:59.999,8720966.15457020,15677,112.21249000,3392860.88100180,0
2023-07-08 11:00:00,30222.79000000,30226.59000000,30156.23000000,30201.71000000,552.78312000,2023-07-08 11:59:59.999,16689837.64579220,24216,216.75183000,6543795.10887600,0
2023-07-08 12:00:00,30201.72000000,30210.00000000,30152.19000000,30171.85000000,548.13862000,2023-07-08 12:59:59.999,16547620.79274200,23239,205.36363000,6200015.28090190,0
2023-07-08 13:00:00,30171.85000000,30239.37000000,30171.63000000,30209.32000000,359.20579000,2023-07-08 13:59:59.999,10852849.80718510,19444,145.78640000,4404399.81396090,0
2023-07-08 14:00:00,30209.33000000,30231.17000000,30193.49000000,30204.99000000,367.91363000,2023-07-08 14:59:59.999,11114907.23075980,19051,142.73076000,4311963.49109630,0
2023-07-08 15:00:00,30204.99000000,30222.85000000,30180.94000000,30208.00000000,352.88442000,2023-07-08 15:59:59.999,10658343.34375550,18734,112.81839000,3407220.33843940,0
2023-07-08 16:00:00,30208.01000000,30318.25000000,30208.00000000,30254.57000000,1041.20913000,2023-07-08 16:59:59.999,31502379.95344150,26866,528.70878000,15995694.01469520,0
2023-07-08 17:00:00,30254.58000000,30280.00000000,30242.35000000,30254.69000000,494.66131000,2023-07-08 17:59:59.999,14967129.41806920,17825,219.50758000,6641787.17700420,0
2023-07-08 18:00:00,30254.69000000,30254.70000000,30187.50000000,30201.74000000,374.45137000,2023-07-08 18:59:59.999,11313973.69662060,16662,121.63434000,3674530.58347100,0
2023-07-08 19:00:00,30201.73000000,30201.89000000,30044.47000000,30112.00000000,1050.77123000,2023-07-08 19:59:59.999,31641386.75621780,30289,439.38006000,13229612.84372030,0
2023-07-08 20:00:00,30112.00000000,30164.15000000,30054.06000000,30158.21000000,688.45209000,2023-07-08 20:59:59.999,20730783.56916550,22388,339.22677000,10214667.40780870,0
2023-07-08 21:00:00,30158.22000000,30196.00000000,30148.00000000,30180.80000000,378.18538000,2023-07-08 21:59:59.999,11410798.80992070,15852,193.67764000,5843108.23758790,0
2023-07-08 22:00:00,30180.81000000,30225.30000000,30166.00000000,30224.50000000,337.77789000,2023-07-08 22:59:59.999,10197770.86234840,15246,168.94508000,5100488.55774040,0
2023-07-08 23:00:00,30224.50000000,30289.99000000,30214.81000000,30284.63000000,647.80377000,2023-07-08 23:59:59.999,19598245.89764350,18829,399.86564000,12097779.59668020,0
2023-07-09 00:00:00,30284.63000000,30349.18000000,30246.47000000,30336.01000000,668.11370000,2023-07-09 00:59:59.999,20242710.28791000,23192,343.56610000,10409999.11387600,0
2023-07-09 01:00:00,30336.00000000,30402.98000000,30292.84000000,30332.26000000,893.64631000,2023-07-09 01:59:59.999,27130009.07040370,27419,396.53565000,12038886.44933520,0
2023-07-09 02:00:00,30332.25000000,30364.52000000,30266.60000000,30301.04000000,736.43727000,2023-07-09 02:59:59.999,22314915.00690490,19645,398.20974000,12065299.65845940,0
2023-07-09 03:00:00,30301.05000000,30317.55000000,30262.22000000,30287.99000000,395.64457000,2023-07-09 03:59:59.999,11985898.91949430,14246,169.11238000,5123275.40518130,0
2023-07-09 04:00:00,30287.99000000,30297.72000000,30270.59000000,30275.35000000,413.57632000,2023-07-09 04:59:59.999,12525034.17927140,15934,157.35815000,4765457.60759210,0
2023-07-09 05:00:00,30275.34000000,30299.89000000,30249.65000000,30260.67000000,543.43573000,2023-07-09 05:59:59.999,16451696.14605420,15515,262.50768000,7946169.73308880,0
2023-07-09 06:00:00,30260.67000000,30267.87000000,30233.79000000,30254.79000000,461.98973000,2023-07-09 06:59:59.999,13975722.35877660,16893,197.27022000,5967547.56210590,0
2023-07-09 07:00:00,30254.80000000,30283.50000000,30233.33000000,30265.00000000,446.45190000,2023-07-09 07:59:59.999,13510220.21819230,16201,215.95223000,6534720.59321590,0
2023-07-09 08:00:00,30265.00000000,30310.00000000,30265.00000000,30305.51000000,429.37229000,2023-07-09 08:59:59.999,13005509.12925520,15015,236.74373000,7170875.22260280,0
2023-07-09 09:00:00,30305.51000000,30305.52000000,30240.00000000,30276.00000000,350.12767000,2023-07-09 09:59:59.999,10600106.73534450,14755,145.91592000,4416957.97253200,0
2023-07-09 10:00:00,30276.00000000,30295.47000000,30257.89000000,30262.89000000,452.60634000,2023-07-09 10:59:59.999,13703671.66065170,13756,199.93036000,6053543.62142650,0
2023-07-09 11:00:00,30262.89000000,30290.00000000,30243.67000000,30266.69000000,325.45034000,2023-07-09 11:59:59.999,9849438.93832030,15302,143.92300000,4355475.56110070,0
2023-07-09 12:00:00,30266.70000000,30348.63000000,30250.89000000,30329.99000000,610.24297000,2023-07-09 12:59:59.999,18489790.88809500,20441,322.80340000,9779805.30323880,0
2023-07-09 13:00:00,30329.99000000,30350.00000000,30255.89000000,30261.57000000,504.53710000,2023-07-09 13:59:59.999,15292755.48256300,19287,216.39548000,6558766.47082820,0
